time,lat,lon,depth,synechococcus_spp,synechococcus_spp_std_dev,peuk,peuk_std_dev,neuk,neuk_std_dev,coccolith,coccolith_std_dev,cryptophyta,cryptophyta_std_dev,phaeocystis_sp,phaeocystis_sp_std_dev,dinofl,dinofl_std_dev,hneuk,hneuk_std_dev,hna_het,hna_het_std_dev,lna,lna_std_dev
2007-04-23,50.25,-4.21667,1.0,1346.0,149.0,4613.0,613.0,1559.0,160.0,13.0,7.0,56000.0,14000.0,496000,33000,37000,32000,,,545437.0,9552.0,149612.0,2967.0
2007-04-23,50.25,-4.21667,10.0,2960.0,97.0,3915.0,194.0,1316.0,29.0,19.0,4.0,100000.0,15000.0,605000,96000,32000,6000,,,470098.0,3784.0,254456.0,880.0
2007-04-23,50.25,-4.21667,25.0,3178.0,90.0,3648.0,78.0,1308.0,69.0,21.0,5.0,93000.0,15000.0,1193000,319000,14000,4000,,,487806.0,725.0,291132.0,345.0
2007-04-23,50.25,-4.21667,52.0,3175.0,39.0,3525.0,48.0,1198.0,53.0,16.0,5.0,75000.0,10000.0,1165000,111000,14000,3000,,,492731.0,1491.0,296031.0,25685.0
2007-04-30,50.25,-4.21667,1.0,4989.0,80.0,14253.0,83.0,2490.0,237.0,5.0,5.0,104000.0,55000.0,1995000,168000,38000,4000,,,1568279.0,21388.0,302790.0,9939.0
2007-04-30,50.25,-4.21667,7.0,4634.0,653.0,13012.0,2112.0,3632.0,1599.0,10.0,7.0,121000.0,98000.0,2926000,1659000,55000,26000,,,1417045.0,257235.0,299337.0,6326.0
2007-04-30,50.25,-4.21667,25.0,3258.0,1820.0,7695.0,5606.0,5329.0,300.0,3.0,1.0,162000.0,72000.0,4467000,636000,74000,35000,,,947587.0,286023.0,317475.0,10370.0
2007-04-30,50.25,-4.21667,50.0,4458.0,5583.0,15685.0,24945.0,4402.0,1815.0,5.0,2.0,102000.0,41000.0,3426000,2715000,48000,25000,,,869624.0,428292.0,365183.0,71853.0
2007-05-08,50.25,-4.21667,1.0,10536.0,437.0,42664.0,1846.0,2151.0,654.0,6.0,4.0,93000.0,48000.0,525000,210000,54000,25000,,,1359552.0,16425.0,451402.0,3519.0
2007-05-08,50.25,-4.21667,7.0,9193.0,2480.0,35442.0,12578.0,3326.0,1086.0,2.0,3.0,97000.0,57000.0,557000,154000,32000,9000,,,1340372.0,87804.0,454670.0,6757.0
2007-05-08,50.25,-4.21667,25.0,4965.0,2513.0,14849.0,10138.0,6432.0,3213.0,5.0,3.0,130000.0,41000.0,3169000,4038000,39000,18000,,,1218712.0,101201.0,432222.0,28287.0
2007-05-08,50.25,-4.21667,52.0,5625.0,6221.0,23787.0,35553.0,6960.0,5095.0,11.0,9.0,121000.0,73000.0,7557000,904000,13000,11000,,,1039401.0,99065.0,417403.0,47760.0
2007-05-21,50.25,-4.21667,1.0,12819.0,188.0,65255.0,577.0,1079.0,42.0,25.0,3.0,211000.0,12000.0,6516000,160000,0,0,,,903723.0,31315.0,463767.0,10955.0
2007-05-21,50.25,-4.21667,7.5,12344.0,228.0,64174.0,46.0,1049.0,23.0,29.0,4.0,256000.0,28000.0,6495000,106000,0,0,,,880032.0,7929.0,450340.0,10263.0
2007-05-21,50.25,-4.21667,25.0,7036.0,107.0,7330.0,246.0,201.0,34.0,9.0,6.0,46000.0,7000.0,1063000,46000,0,0,,,659419.0,4743.0,384626.0,9205.0
2007-05-21,50.25,-4.21667,51.0,6056.0,63.0,5703.0,70.0,157.0,23.0,4.0,1.0,30000.0,4000.0,916000,44000,0,0,,,650536.0,5059.0,386722.0,2118.0
2007-06-04,50.25,-4.21667,0.2,13315.0,89.0,6822.0,157.0,2410.0,93.0,48.0,11.0,275000.0,18000.0,0,0,17000,2000,,,1185066.0,325602.0,958793.0,262927.0
2007-06-04,50.25,-4.21667,7.5,15195.0,227.0,8110.0,153.0,2877.0,16.0,47.0,10.0,263000.0,10000.0,0,0,19000,6000,,,936367.0,49056.0,780757.0,23866.0
2007-06-04,50.25,-4.21667,25.0,3880.0,44.0,4463.0,102.0,1080.0,52.0,46.0,32.0,344000.0,23000.0,0,0,5000,4000,,,756954.0,260077.0,672320.0,178157.0
2007-06-04,50.25,-4.21667,50.0,3662.0,53.0,3635.0,29.0,749.0,2.0,70.0,1.0,206000.0,16000.0,0,0,3000,2000,,,574589.0,9938.0,567633.0,4602.0
2007-06-11,50.25,-4.21667,0.2,6678.0,151.0,13820.0,59.0,1715.0,137.0,10.0,0.0,90000.0,7000.0,0,0,35000,19000,,,683703.0,7719.0,284332.0,1568.0
2007-06-11,50.25,-4.21667,9.5,11011.0,531.0,19095.0,600.0,2175.0,120.0,32.0,5.0,105000.0,17000.0,0,0,16000,3000,,,845672.0,16343.0,607020.0,4054.0
2007-06-11,50.25,-4.21667,25.0,3549.0,51.0,6624.0,237.0,1668.0,12.0,16.0,3.0,113000.0,4000.0,0,0,21000,5000,,,434217.0,1602.0,310335.0,4071.0
2007-06-11,50.25,-4.21667,48.0,3485.0,46.0,4978.0,59.0,1567.0,83.0,27.0,10.0,128000.0,10000.0,0,0,31000,5000,,,424797.0,1330.0,242143.0,3771.0
2007-06-18,50.25,-4.21667,0.2,14430.0,120.0,22978.0,153.0,3561.0,94.0,8.0,5.0,134000.0,19000.0,0,0,31000,4000,,,589604.0,66778.0,164352.0,20854.0
2007-06-25,50.25,-4.21667,0.2,21431.0,242.0,15830.0,163.0,1739.0,60.0,32.0,5.0,73000.0,7000.0,0,0,40000,9000,,,959139.0,501.0,283714.0,6175.0
2007-06-25,50.25,-4.21667,6.5,21923.0,415.0,17906.0,406.0,2064.0,50.0,38.0,5.0,99000.0,23000.0,0,0,42000,12000,,,989100.0,34993.0,286196.0,11920.0
2007-06-25,50.25,-4.21667,25.0,1221.0,31.0,881.0,56.0,527.0,26.0,3.0,2.0,32000.0,6000.0,0,0,5000,3000,,,453978.0,326.0,200474.0,877.0
2007-06-25,50.25,-4.21667,48.0,1427.0,106.0,962.0,55.0,397.0,15.0,4.0,4.0,16000.0,4000.0,0,0,7000,0,,,489669.0,3694.0,219922.0,1101.0
2007-07-02,50.25,-4.21667,0.2,12814.0,1731.0,11844.0,1660.0,2156.0,298.0,34.0,11.0,99000.0,23000.0,0,0,65000,30000,,,808393.0,10948.0,174311.0,8163.0
2007-07-02,50.25,-4.21667,5.0,14268.0,273.0,12162.0,210.0,2336.0,107.0,32.0,14.0,90000.0,8000.0,0,0,73000,21000,,,779212.0,715.0,157753.0,3051.0
2007-07-02,50.25,-4.21667,25.0,2105.0,31.0,1282.0,67.0,625.0,24.0,20.0,2.0,25000.0,9000.0,0,0,12000,4000,,,449234.0,7416.0,212728.0,2676.0
2007-07-02,50.25,-4.21667,50.0,1914.0,86.0,1264.0,33.0,562.0,25.0,25.0,4.0,21000.0,10000.0,0,0,14000,5000,,,441345.0,2487.0,204991.0,2062.0
2007-07-09,50.25,-4.21667,0.2,5184.0,1137.0,17081.0,3464.0,1399.0,236.0,50.0,10.0,60000.0,9000.0,0,0,36000,18000,,,601529.0,8321.0,259810.0,1287.0
2007-07-09,50.25,-4.21667,4.0,5961.0,136.0,18699.0,185.0,2160.0,54.0,60.0,7.0,65000.0,9000.0,0,0,64000,24000,,,742599.0,16055.0,550843.0,2796.0
2007-07-09,50.25,-4.21667,25.0,1312.0,38.0,784.0,35.0,389.0,152.0,24.0,14.0,15000.0,9000.0,0,0,3000,2000,,,383072.0,2358.0,279830.0,3713.0
2007-07-09,50.25,-4.21667,51.0,1159.0,78.0,602.0,30.0,206.0,13.0,14.0,3.0,12000.0,1000.0,0,0,3000,2000,,,373721.0,2022.0,222511.0,3831.0
2007-07-16,50.25,-4.21667,0.2,1233.0,42.0,541.0,60.0,708.0,30.0,16.0,4.0,73000.0,14000.0,0,0,8000,7000,,,585461.0,9841.0,22577.0,2192.0
2007-07-16,50.25,-4.21667,8.0,952.0,25.0,577.0,22.0,897.0,66.0,30.0,6.0,97000.0,8000.0,0,0,13000,6000,,,553073.0,1960.0,23180.0,1033.0
2007-07-16,50.25,-4.21667,25.0,492.0,22.0,386.0,30.0,374.0,38.0,13.0,2.0,110000.0,2000.0,0,0,2000,3000,,,409893.0,6851.0,103844.0,1382.0
2007-07-16,50.25,-4.21667,53.0,386.0,20.0,209.0,17.0,250.0,13.0,24.0,3.0,55000.0,6000.0,0,0,5000,3000,,,417755.0,99.0,118978.0,698.0
2007-07-23,50.25,-4.21667,0.2,2819.0,223.0,7832.0,517.0,1816.0,60.0,50.0,6.0,88000.0,37000.0,0,0,0,0,650.0,27.0,611637.0,20381.0,105210.0,14513.0
2007-07-23,50.25,-4.21667,8.5,2272.0,1019.0,6023.0,3943.0,1546.0,502.0,65.0,16.0,115000.0,96000.0,0,0,0,0,820.0,194.0,556157.0,109262.0,136019.0,37621.0
2007-07-23,50.25,-4.21667,25.0,1039.0,136.0,1207.0,453.0,780.0,210.0,70.0,13.0,146000.0,106000.0,0,0,0,0,1103.0,54.0,452942.0,34332.0,195390.0,25353.0
2007-07-23,50.25,-4.21667,50.0,17545.0,28932.0,2502.0,3202.0,1429.0,1620.0,67.0,10.0,114000.0,146000.0,0,0,0,0,1032.0,108.0,621312.0,215236.0,347524.0,209481.0
2007-08-06,50.25,-4.21667,0.2,51561.0,1297.0,6432.0,710.0,3910.0,832.0,85.0,9.0,285000.0,24000.0,0,0,0,0,969.0,90.0,877115.0,8313.0,570524.0,22914.0
2007-08-06,50.25,-4.21667,8.5,40551.0,20985.0,7010.0,349.0,3793.0,1785.0,115.0,23.0,277000.0,67000.0,0,0,0,0,1053.0,19.0,781811.0,216469.0,486752.0,114482.0
2007-08-06,50.25,-4.21667,25.0,14846.0,2560.0,5644.0,1432.0,1433.0,536.0,104.0,31.0,170000.0,48000.0,0,0,0,0,1073.0,54.0,547773.0,26769.0,365362.0,17653.0
2007-08-06,50.25,-4.21667,50.0,29131.0,29604.0,7038.0,5316.0,1582.0,1308.0,76.0,23.0,102000.0,15000.0,0,0,0,0,913.0,239.0,752060.0,378382.0,407124.0,94482.0
2007-08-13,50.25,-4.21667,0.2,64008.0,1484.0,13029.0,204.0,3091.0,40.0,96.0,14.0,132000.0,61000.0,0,0,0,0,640.0,2.0,1167868.0,70993.0,514514.0,19083.0
2007-08-13,50.25,-4.21667,6.0,48542.0,23799.0,10149.0,4357.0,2337.0,976.0,73.0,44.0,210000.0,52000.0,0,0,0,0,544.0,180.0,966820.0,387261.0,454667.0,106057.0
2007-08-13,50.25,-4.21667,25.0,16667.0,8049.0,3958.0,1991.0,906.0,531.0,26.0,12.0,111000.0,56000.0,0,0,0,0,344.0,14.0,510819.0,46258.0,367838.0,35254.0
2007-08-13,50.25,-4.21667,50.0,8456.0,1794.0,6879.0,8937.0,620.0,572.0,24.0,21.0,105000.0,104000.0,0,0,0,0,401.0,132.0,479563.0,29220.0,406457.0,29089.0
2007-08-20,50.25,-4.21667,0.2,8910.0,2820.0,16939.0,317.0,1126.0,149.0,38.0,19.0,180000.0,65000.0,0,0,0,0,507.0,67.0,463567.0,39614.0,337657.0,35429.0
2007-08-20,50.25,-4.21667,8.5,4819.0,1500.0,14209.0,4154.0,868.0,198.0,25.0,8.0,88000.0,41000.0,0,0,0,0,435.0,12.0,370571.0,53790.0,345648.0,25123.0
2007-08-20,50.25,-4.21667,25.0,2743.0,653.0,6659.0,4732.0,513.0,186.0,21.0,7.0,38000.0,13000.0,0,0,0,0,457.0,50.0,297600.0,17246.0,367543.0,12530.0
2007-08-20,50.25,-4.21667,50.0,10888.0,15414.0,4960.0,6487.0,782.0,814.0,29.0,23.0,40000.0,35000.0,0,0,0,0,473.0,87.0,407503.0,210778.0,433724.0,104830.0
2007-08-28,50.25,-4.21667,0.2,28482.0,1349.0,12421.0,405.0,1739.0,16.0,65.0,10.0,74000.0,6000.0,0,0,0,0,381.0,29.0,675708.0,23314.0,549867.0,18149.0
2007-08-28,50.25,-4.21667,12.0,19448.0,12344.0,9183.0,4793.0,1393.0,565.0,55.0,25.0,80000.0,9000.0,0,0,0,0,389.0,21.0,613380.0,77048.0,537810.0,38921.0
2007-08-28,50.25,-4.21667,25.0,5670.0,1206.0,3748.0,245.0,607.0,176.0,24.0,3.0,72000.0,13000.0,0,0,0,0,371.0,6.0,505187.0,20365.0,458048.0,41699.0
2007-08-28,50.25,-4.21667,50.0,6988.0,104.0,5239.0,2069.0,805.0,712.0,38.0,24.0,93000.0,35000.0,0,0,0,0,373.0,34.0,543413.0,61781.0,449457.0,48939.0
2007-09-03,50.25,-4.21667,0.2,7011.0,132.0,7767.0,314.0,1827.0,184.0,65.0,13.0,117000.0,15000.0,0,0,0,0,537.0,185.0,634448.0,30428.0,500143.0,6627.0
2007-09-03,50.25,-4.21667,12.0,6015.0,1618.0,5620.0,3812.0,1350.0,834.0,55.0,23.0,72000.0,47000.0,0,0,0,0,680.0,137.0,527898.0,186797.0,476571.0,60003.0
2007-09-03,50.25,-4.21667,25.0,4113.0,60.0,1195.0,55.0,430.0,22.0,29.0,3.0,20000.0,2000.0,0,0,0,0,751.0,18.0,384477.0,13397.0,429762.0,4357.0
2007-09-03,50.25,-4.21667,50.0,9482.0,9340.0,4670.0,6158.0,700.0,486.0,37.0,12.0,48000.0,44000.0,0,0,27000,47000,565.0,345.0,385364.0,13941.0,455201.0,38550.0
2007-09-10,50.25,-4.21667,0.2,20986.0,626.0,11926.0,130.0,1356.0,90.0,42.0,9.0,119000.0,17000.0,0,0,114000,31000,147.0,28.0,444445.0,67966.0,550677.0,73443.0
2007-09-10,50.25,-4.21667,16.0,19079.0,2.0,11313.0,190.0,1349.0,19.0,48.0,7.0,163000.0,2000.0,0,0,194000,18000,280.0,11.0,510864.0,71920.0,564961.0,55735.0
2007-09-10,50.25,-4.21667,25.0,13556.0,140.0,9764.0,28.0,1313.0,50.0,43.0,7.0,192000.0,22000.0,0,0,392000,109000,271.0,2.0,698625.0,20039.0,646609.0,7348.0
2007-09-10,50.25,-4.21667,50.0,3681.0,20.0,2323.0,50.0,702.0,42.0,30.0,3.0,76000.0,8000.0,0,0,41000,10000,610.0,21.0,560819.0,11531.0,557530.0,9891.0
2007-09-17,50.25,-4.21667,0.2,8749.0,293.0,12384.0,375.0,796.0,53.0,44.0,16.0,149000.0,32000.0,0,0,28000,10000,680.0,42.0,534233.0,25370.0,612431.0,17432.0
2007-09-17,50.25,-4.21667,13.0,5659.0,52.0,5240.0,92.0,480.0,5.0,38.0,5.0,76000.0,10000.0,0,0,16000,3000,596.0,5.0,428785.0,2401.0,546414.0,15731.0
2007-09-17,50.25,-4.21667,25.0,3086.0,304.0,1612.0,64.0,451.0,32.0,16.0,3.0,39000.0,1000.0,0,0,8000,5000,848.0,21.0,422676.0,19711.0,470544.0,12541.0
2007-09-17,50.25,-4.21667,50.0,3212.0,57.0,1629.0,17.0,387.0,14.0,16.0,2.0,43000.0,2000.0,0,0,9000,4000,902.0,7.0,406337.0,15602.0,458785.0,3518.0
2007-10-02,50.25,-4.21667,0.2,5010.0,133.0,6030.0,201.0,974.0,65.0,98.0,6.0,181000.0,15000.0,0,0,5000,2000,654.0,5.0,433719.0,10967.0,373738.0,8628.0
2007-10-02,50.25,-4.21667,9.0,5002.0,45.0,6291.0,158.0,980.0,36.0,103.0,15.0,162000.0,21000.0,0,0,4000,2000,639.0,31.0,440616.0,6058.0,353283.0,17787.0
2007-10-02,50.25,-4.21667,25.0,5019.0,43.0,6112.0,154.0,939.0,46.0,107.0,6.0,164000.0,3000.0,0,0,3000,1000,592.0,33.0,436234.0,7566.0,363727.0,13235.0
2007-10-02,50.25,-4.21667,50.0,4966.0,50.0,6128.0,86.0,910.0,42.0,110.0,4.0,161000.0,4000.0,0,0,4000,4000,624.0,27.0,417873.0,9647.0,383689.0,8628.0
2007-10-25,50.25,-4.21667,0.2,3185.0,115.0,5337.0,126.0,338.0,46.0,53.0,15.0,86000.0,4000.0,0,0,0,0,327.0,17.0,269035.0,15057.0,405600.0,44368.0
2007-10-25,50.25,-4.21667,11.0,3292.0,102.0,5455.0,125.0,326.0,18.0,44.0,8.0,102000.0,13000.0,0,0,0,0,337.0,11.0,282822.0,2695.0,394086.0,11519.0
2007-10-25,50.25,-4.21667,25.0,3289.0,85.0,5468.0,75.0,347.0,8.0,48.0,6.0,101000.0,3000.0,0,0,0,0,313.0,19.0,284939.0,9739.0,395724.0,12079.0
2007-10-25,50.25,-4.21667,50.0,3519.0,265.0,5614.0,182.0,418.0,111.0,39.0,16.0,93000.0,5000.0,0,0,0,0,329.0,35.0,280957.0,4952.0,414448.0,16158.0
2007-10-30,50.25,-4.21667,0.2,3694.0,109.0,5715.0,207.0,513.0,41.0,49.0,5.0,108000.0,19000.0,0,0,0,0,359.0,28.0,275946.0,7896.0,413371.0,6586.0
2007-10-30,50.25,-4.21667,12.0,3752.0,88.0,5920.0,87.0,464.0,8.0,49.0,1.0,116000.0,13000.0,0,0,0,0,356.0,43.0,262524.0,8765.0,381829.0,27659.0
2007-10-30,50.25,-4.21667,25.0,3464.0,233.0,5776.0,101.0,455.0,73.0,52.0,11.0,113000.0,8000.0,0,0,0,0,342.0,56.0,278327.0,46846.0,316067.0,112531.0
2007-10-30,50.25,-4.21667,50.0,3909.0,780.0,6821.0,1866.0,500.0,113.0,61.0,11.0,171000.0,87000.0,0,0,0,0,338.0,40.0,272843.0,36688.0,417010.0,33229.0
2007-11-05,50.25,-4.21667,0.2,4892.0,122.0,8995.0,25.0,599.0,35.0,80.0,10.0,252000.0,17000.0,0,0,0,0,387.0,7.0,318404.0,11178.0,469952.0,24329.0
2007-11-05,50.25,-4.21667,13.0,4773.0,91.0,9233.0,143.0,580.0,31.0,68.0,18.0,236000.0,34000.0,0,0,0,0,432.0,26.0,298703.0,10467.0,445219.0,18055.0
2007-11-05,50.25,-4.21667,25.0,4820.0,6.0,9232.0,165.0,568.0,52.0,62.0,11.0,218000.0,14000.0,0,0,0,0,384.0,38.0,296161.0,4846.0,449486.0,4076.0
2007-11-05,50.25,-4.21667,50.0,4929.0,205.0,9591.0,431.0,576.0,59.0,68.0,19.0,235000.0,22000.0,0,0,0,0,388.0,19.0,304576.0,11780.0,447410.0,13688.0
2007-11-12,50.25,-4.21667,0.2,6364.0,765.0,9480.0,234.0,441.0,55.0,53.0,7.0,244000.0,25000.0,0,0,0,0,314.0,25.0,404922.0,25427.0,395429.0,51051.0
2007-11-12,50.25,-4.21667,11.0,5964.0,180.0,9616.0,145.0,466.0,55.0,62.0,14.0,250000.0,12000.0,0,0,0,0,313.0,26.0,429436.0,20429.0,368219.0,11044.0
2007-11-12,50.25,-4.21667,25.0,5744.0,145.0,9597.0,74.0,426.0,21.0,60.0,15.0,243000.0,28000.0,0,0,0,0,302.0,5.0,407418.0,8060.0,370876.0,10170.0
2007-11-12,50.25,-4.21667,50.0,5705.0,56.0,8220.0,2292.0,422.0,27.0,57.0,14.0,213000.0,26000.0,0,0,0,0,430.0,230.0,369933.0,59884.0,374200.0,9371.0
2007-11-22,50.25,-4.21667,0.2,5528.0,164.0,5599.0,26.0,357.0,51.0,64.0,9.0,186000.0,13000.0,0,0,0,0,689.0,51.0,284396.0,14905.0,354010.0,20004.0
2007-11-22,50.25,-4.21667,11.0,5542.0,83.0,5600.0,17.0,289.0,12.0,65.0,21.0,177000.0,5000.0,0,0,0,0,705.0,41.0,276049.0,7678.0,350619.0,13023.0
2007-11-22,50.25,-4.21667,25.0,5659.0,191.0,5608.0,111.0,283.0,6.0,66.0,17.0,184000.0,10000.0,0,0,0,0,703.0,43.0,275408.0,9394.0,354838.0,13284.0
2007-11-22,50.25,-4.21667,50.0,5503.0,320.0,5373.0,212.0,325.0,39.0,68.0,19.0,173000.0,19000.0,0,0,0,0,716.0,47.0,263716.0,40851.0,342790.0,29589.0
2007-11-26,50.25,-4.21667,0.2,5228.0,69.0,5097.0,61.0,346.0,14.0,86.0,8.0,201000.0,13000.0,0,0,0,0,612.0,47.0,216267.0,5803.0,317943.0,11382.0
2007-11-26,50.25,-4.21667,13.0,5392.0,450.0,5045.0,72.0,307.0,36.0,91.0,5.0,176000.0,24000.0,0,0,0,0,584.0,14.0,214551.0,7151.0,316514.0,12568.0
2007-11-26,50.25,-4.21667,25.0,5043.0,35.0,5008.0,111.0,296.0,24.0,84.0,5.0,161000.0,14000.0,0,0,0,0,608.0,51.0,211347.0,4512.0,310810.0,10650.0
2007-11-26,50.25,-4.21667,50.0,4926.0,74.0,4969.0,259.0,305.0,20.0,86.0,8.0,185000.0,44000.0,0,0,0,0,525.0,175.0,243283.0,61606.0,307038.0,7293.0
2007-12-11,50.25,-4.21667,0.2,4817.0,173.0,4798.0,138.0,304.0,29.0,95.0,4.0,230000.0,58000.0,0,0,0,0,279.0,48.0,295202.0,23116.0,309324.0,4869.0
2007-12-11,50.25,-4.21667,13.0,4829.0,228.0,4661.0,517.0,274.0,19.0,76.0,22.0,150000.0,22000.0,0,0,0,0,237.0,9.0,270590.0,11065.0,312619.0,11294.0
2007-12-11,50.25,-4.21667,25.0,4657.0,87.0,4085.0,36.0,255.0,33.0,61.0,12.0,116000.0,9000.0,0,0,0,0,240.0,12.0,270572.0,17157.0,317524.0,15052.0
2007-12-11,50.25,-4.21667,50.0,4980.0,528.0,6267.0,3681.0,453.0,361.0,88.0,34.0,182000.0,124000.0,0,0,0,0,290.0,69.0,283154.0,20336.0,278552.0,67651.0
2008-01-28,50.25,-4.21667,0.2,5868.0,331.0,10930.0,1050.0,918.0,70.0,112.0,14.0,363000.0,76000.0,0,0,0,0,358.0,21.0,282770.0,14576.0,191000.0,10727.0
2008-01-28,50.25,-4.21667,13.0,5203.0,1843.0,9413.0,4728.0,745.0,406.0,121.0,28.0,232000.0,155000.0,0,0,0,0,297.0,54.0,258559.0,21821.0,181619.0,4080.0
2008-01-28,50.25,-4.21667,25.0,3047.0,53.0,3890.0,100.0,291.0,15.0,79.0,21.0,87000.0,30000.0,0,0,0,0,255.0,41.0,242953.0,11225.0,179876.0,3230.0
2008-01-28,50.25,-4.21667,50.0,5031.0,3513.0,5930.0,3887.0,333.0,125.0,79.0,30.0,111000.0,20000.0,0,0,0,0,325.0,77.0,285032.0,51610.0,191392.0,22056.0
2008-02-27,50.25,-4.21667,0.2,9315.0,197.0,10609.0,224.0,482.0,54.0,98.0,15.0,131000.0,11000.0,0,0,0,0,250.0,17.0,343241.0,4683.0,218272.0,2238.0
2008-02-27,50.25,-4.21667,13.0,8309.0,186.0,8757.0,133.0,498.0,25.0,52.0,22.0,93000.0,13000.0,0,0,0,0,204.0,13.0,305858.0,24964.0,204134.0,13510.0
2008-02-27,50.25,-4.21667,25.0,8387.0,80.0,8819.0,112.0,472.0,10.0,52.0,20.0,83000.0,12000.0,0,0,0,0,226.0,7.0,268670.0,26805.0,169936.0,24421.0
2008-02-27,50.25,-4.21667,50.0,7279.0,154.0,6561.0,237.0,407.0,18.0,64.0,18.0,52000.0,10000.0,0,0,0,0,235.0,28.0,285069.0,1139.0,180129.0,2304.0
2008-03-05,50.25,-4.21667,0.2,3236.0,636.0,5303.0,1044.0,812.0,31.0,8.0,5.0,173000.0,84000.0,0,0,0,0,303.0,3.0,186366.0,9969.0,160795.0,10731.0
2008-03-05,50.25,-4.21667,10.0,4181.0,470.0,6314.0,571.0,700.0,101.0,8.0,5.0,149000.0,34000.0,0,0,0,0,369.0,42.0,195182.0,1350.0,176916.0,3165.0
2008-03-05,50.25,-4.21667,25.0,4124.0,475.0,4293.0,1219.0,492.0,125.0,6.0,5.0,194000.0,173000.0,0,0,0,0,331.0,11.0,167463.0,3836.0,160236.0,3083.0
2008-03-05,50.25,-4.21667,50.0,3964.0,152.0,2369.0,89.0,275.0,15.0,3.0,3.0,111000.0,37000.0,0,0,0,0,466.0,8.0,186666.0,51592.0,167171.0,51101.0
2008-03-17,50.25,-4.21667,0.2,3600.0,14.0,6566.0,243.0,609.0,15.0,72.0,6.0,87000.0,7000.0,0,0,0,0,531.0,47.0,343514.0,30896.0,284730.0,25299.0
2008-03-17,50.25,-4.21667,7.0,4270.0,43.0,8652.0,154.0,1042.0,142.0,98.0,21.0,199000.0,61000.0,0,0,0,0,570.0,175.0,364747.0,29480.0,271819.0,5400.0
2008-03-17,50.25,-4.21667,25.0,4374.0,55.0,8832.0,67.0,1063.0,54.0,99.0,7.0,194000.0,31000.0,0,0,0,0,446.0,15.0,345183.0,15167.0,259806.0,25949.0
2008-03-17,50.25,-4.21667,50.0,4376.0,93.0,8790.0,70.0,1226.0,58.0,66.0,15.0,320000.0,68000.0,0,0,0,0,465.0,28.0,343241.0,8342.0,269992.0,2104.0
2008-04-07,50.25,-4.21667,0.2,1958.0,165.0,4428.0,453.0,1599.0,1163.0,11.0,10.0,287000.0,439000.0,0,0,0,0,865.0,36.0,317706.0,17640.0,147126.0,20801.0
2008-04-07,50.25,-4.21667,16.0,1674.0,335.0,3301.0,418.0,822.0,44.0,4.0,1.0,34000.0,27000.0,0,0,0,0,660.0,10.0,223112.0,5337.0,125943.0,9706.0
2008-04-07,50.25,-4.21667,25.0,2139.0,165.0,2784.0,95.0,834.0,39.0,13.0,3.0,32000.0,10000.0,0,0,0,0,718.0,128.0,215484.0,19831.0,119785.0,2734.0
2008-04-07,50.25,-4.21667,50.0,3200.0,803.0,2051.0,64.0,713.0,16.0,10.0,5.0,32000.0,7000.0,0,0,0,0,643.0,8.0,194210.0,4684.0,117699.0,8086.0
2008-04-21,50.25,-4.21667,0.2,813.0,53.0,4990.0,137.0,656.0,53.0,83.0,1.0,158000.0,23000.0,0,0,0,0,388.0,58.0,509843.0,14786.0,126057.0,5293.0
2008-04-21,50.25,-4.21667,13.0,773.0,60.0,4976.0,154.0,626.0,36.0,85.0,14.0,182000.0,1000.0,0,0,0,0,370.0,12.0,481846.0,49590.0,132200.0,1172.0
2008-04-21,50.25,-4.21667,25.0,852.0,119.0,5320.0,68.0,607.0,60.0,75.0,26.0,171000.0,31000.0,0,0,0,0,412.0,9.0,479697.0,410.0,129743.0,1616.0
2008-04-21,50.25,-4.21667,50.0,768.0,51.0,,,546.0,53.0,43.0,2.0,208000.0,44000.0,0,0,0,0,395.0,4.0,493389.0,17109.0,128343.0,5899.0
2008-04-28,50.25,-4.21667,0.2,5290.0,198.0,81938.0,904.0,7807.0,349.0,304.0,87.0,418000.0,49000.0,0,0,0,0,1501.0,83.0,805173.0,,235314.0,
2008-04-28,50.25,-4.21667,6.0,4936.0,233.0,82693.0,2068.0,7726.0,680.0,299.0,107.0,429000.0,35000.0,0,0,0,0,1620.0,180.0,797221.0,16371.0,239986.0,10405.0
2008-04-28,50.25,-4.21667,25.0,4813.0,80.0,82849.0,407.0,7993.0,164.0,323.0,13.0,471000.0,28000.0,0,0,0,0,1945.0,43.0,776429.0,21065.0,242757.0,10243.0
2008-05-06,50.25,-4.21667,0.2,2169.0,28.0,9277.0,161.0,1513.0,82.0,331.0,53.0,24000.0,8000.0,28000,3000,0,0,662.0,14.0,853204.0,27519.0,231171.0,6829.0
2008-05-06,50.25,-4.21667,8.0,2249.0,126.0,9607.0,209.0,1653.0,109.0,390.0,75.0,36000.0,4000.0,34000,6000,0,0,654.0,27.0,864085.0,19674.0,240786.0,3374.0
2008-05-06,50.25,-4.21667,25.0,1157.0,29.0,2567.0,109.0,1138.0,47.0,94.0,34.0,80000.0,4000.0,55000,0,0,0,900.0,71.0,539511.0,586.0,234271.0,343.0
2008-05-06,50.25,-4.21667,50.0,1157.0,28.0,2232.0,78.0,1045.0,40.0,95.0,20.0,96000.0,7000.0,51000,16000,0,0,871.0,12.0,583373.0,23827.0,164014.0,10243.0
2008-05-12,50.25,-4.21667,0.2,1132.0,327.0,10199.0,6353.0,1685.0,368.0,111.0,51.0,108000.0,91000.0,0,0,0,0,,,506762.0,13617.0,110139.0,18655.0
2008-05-12,50.25,-4.21667,9.0,685.0,130.0,2426.0,738.0,1330.0,426.0,108.0,49.0,150000.0,86000.0,0,0,0,0,,,483851.0,45281.0,131624.0,4681.0
2008-05-12,50.25,-4.21667,25.0,537.0,8.0,1569.0,47.0,880.0,97.0,55.0,2.0,50000.0,2000.0,0,0,0,0,,,432481.0,7751.0,126096.0,3482.0
2008-05-12,50.25,-4.21667,50.0,515.0,60.0,4140.0,4406.0,1779.0,1466.0,43.0,34.0,101000.0,82000.0,0,0,0,0,966.0,,492851.0,111521.0,118351.0,7268.0
2008-05-19,50.25,-4.21667,0.2,436.0,14.0,9182.0,135.0,3239.0,230.0,7.0,1.0,203000.0,6000.0,0,0,0,0,945.0,29.0,611766.0,13804.0,112629.0,3766.0
2008-05-19,50.25,-4.21667,11.0,485.0,24.0,9060.0,42.0,3250.0,64.0,5.0,1.0,224000.0,28000.0,0,0,0,0,1221.0,360.0,596710.0,5463.0,115699.0,3295.0
2008-05-19,50.25,-4.21667,25.0,417.0,10.0,4869.0,53.0,3003.0,114.0,10.0,4.0,220000.0,15000.0,0,0,0,0,1168.0,33.0,636534.0,2394.0,125926.0,5597.0
2008-05-19,50.25,-4.21667,50.0,399.0,8.0,2810.0,102.0,2950.0,331.0,18.0,1.0,124000.0,5000.0,0,0,0,0,1667.0,174.0,808951.0,7094.0,184672.0,8147.0
2008-06-02,50.25,-4.21667,0.2,1845.0,202.0,20606.0,709.0,5165.0,257.0,9.0,2.0,36000.0,9000.0,0,0,0,0,1850.0,571.0,821299.0,29259.0,192290.0,14662.0
2008-06-02,50.25,-4.21667,13.0,2012.0,526.0,13490.0,755.0,2950.0,112.0,7.0,4.0,46000.0,17000.0,0,0,0,0,1467.0,74.0,469789.0,18211.0,118290.0,446.0
2008-06-02,50.25,-4.21667,25.0,1194.0,194.0,8965.0,281.0,2338.0,10.0,5.0,2.0,108000.0,24000.0,0,0,0,0,4712.0,4325.0,394665.0,5647.0,112809.0,11265.0
2008-06-02,50.25,-4.21667,50.0,362.0,19.0,1552.0,26.0,4658.0,213.0,6.0,4.0,17000.0,5000.0,0,0,0,0,3360.0,170.0,440163.0,115.0,164535.0,5206.0
2008-06-09,50.25,-4.21667,0.2,2403.0,162.0,37137.0,227.0,3952.0,60.0,14.0,2.0,263000.0,7000.0,0,0,0,0,1711.0,81.0,769143.0,14451.0,299376.0,8675.0
2008-06-09,50.25,-4.21667,10.0,1842.0,57.0,26298.0,126.0,4244.0,125.0,13.0,2.0,465000.0,49000.0,0,0,0,0,1978.0,26.0,686256.0,5926.0,295493.0,4776.0
2008-06-09,50.25,-4.21667,25.0,573.0,214.0,5752.0,2041.0,1646.0,749.0,9.0,5.0,134000.0,67000.0,0,0,0,0,1686.0,12.0,554896.0,4328.0,284188.0,22652.0
2008-06-09,50.25,-4.21667,50.0,181.0,217.0,1930.0,2551.0,503.0,697.0,2.0,4.0,48000.0,63000.0,0,0,0,0,1861.0,145.0,574511.0,2890.0,289521.0,2995.0
2008-06-16,50.25,-4.21667,0.2,3361.0,143.0,6808.0,145.0,6141.0,145.0,10.0,2.0,79000.0,1000.0,0,0,0,0,994.0,39.0,782350.0,50294.0,331433.0,15191.0
2008-06-16,50.25,-4.21667,11.0,1639.0,30.0,7320.0,73.0,3503.0,37.0,11.0,5.0,73000.0,8000.0,0,0,0,0,952.0,40.0,817244.0,4426.0,325149.0,41195.0
2008-06-16,50.25,-4.21667,25.0,513.0,55.0,2166.0,143.0,915.0,39.0,5.0,2.0,58000.0,10000.0,0,0,0,0,1379.0,160.0,520991.0,13776.0,277651.0,10066.0
2008-06-16,50.25,-4.21667,50.0,478.0,25.0,1429.0,43.0,1829.0,32.0,7.0,2.0,44000.0,5000.0,0,0,0,0,2021.0,4.0,658339.0,2862.0,294982.0,2700.0
2008-06-23,50.25,-4.21667,0.2,2844.0,87.0,5984.0,53.0,1188.0,93.0,15.0,6.0,113000.0,23000.0,0,0,0,0,1094.0,21.0,727677.0,21908.0,134251.0,1762.0
2008-06-23,50.25,-4.21667,9.5,2814.0,141.0,5760.0,214.0,1206.0,68.0,21.0,2.0,119000.0,1000.0,0,0,0,0,1294.0,150.0,666029.0,7645.0,137252.0,2023.0
2008-06-23,50.25,-4.21667,25.0,939.0,90.0,836.0,93.0,628.0,66.0,7.0,1.0,108000.0,17000.0,0,0,0,0,2021.0,84.0,647614.0,8333.0,342687.0,6130.0
2008-06-23,50.25,-4.21667,50.0,177.0,7.0,175.0,79.0,343.0,176.0,4.0,2.0,23000.0,1000.0,0,0,0,0,853.0,24.0,737169.0,1156.0,363557.0,13547.0
2008-06-30,50.25,-4.21667,0.2,6880.0,147.0,46251.0,251.0,1137.0,47.0,17.0,6.0,163000.0,16000.0,0,0,0,0,841.0,52.0,1871143.0,41739.0,399957.0,26486.0
2008-06-30,50.25,-4.21667,7.0,5388.0,105.0,31183.0,708.0,1045.0,38.0,21.0,6.0,224000.0,38000.0,0,0,0,0,1196.0,48.0,1699720.0,1954.0,399583.0,2045.0
2008-06-30,50.25,-4.21667,25.0,230.0,62.0,95.0,42.0,169.0,52.0,3.0,3.0,46000.0,28000.0,0,0,0,0,1078.0,8.0,927523.0,1530.0,321721.0,1666.0
2008-06-30,50.25,-4.21667,50.0,136.0,13.0,55.0,14.0,85.0,6.0,3.0,1.0,16000.0,3000.0,0,0,0,0,1034.0,70.0,923358.0,23547.0,306632.0,18023.0
2008-07-14,50.25,-4.21667,0.2,2650.0,39.0,4314.0,864.0,1806.0,464.0,15.0,4.0,78000.0,22000.0,0,0,0,0,1241.0,48.0,1277293.0,,74118.0,2884.0
2008-07-14,50.25,-4.21667,4.5,3180.0,50.0,4227.0,73.0,1765.0,84.0,11.0,4.0,61000.0,13000.0,0,0,0,0,1457.0,196.0,1296909.0,14847.0,86788.0,748.0
2008-07-14,50.25,-4.21667,25.0,2602.0,69.0,406.0,14.0,281.0,15.0,5.0,4.0,29000.0,5000.0,0,0,0,0,494.0,25.0,912603.0,10436.0,207749.0,4762.0
2008-07-14,50.25,-4.21667,50.0,2295.0,11.0,457.0,23.0,184.0,48.0,9.0,2.0,25000.0,7000.0,0,0,0,0,569.0,54.0,656100.0,1927.0,230059.0,368.0
2008-07-21,50.25,-4.21667,0.2,1091.0,39.0,1823.0,23.0,1056.0,128.0,4.0,1.0,47000.0,20000.0,0,0,0,0,2279.0,95.0,1284947.0,11590.0,54149.0,1336.0
2008-07-21,50.25,-4.21667,8.0,1480.0,69.0,3025.0,88.0,1027.0,6.0,4.0,1.0,51000.0,17000.0,0,0,0,0,2106.0,121.0,1330864.0,127616.0,82336.0,3677.0
2008-07-21,50.25,-4.21667,25.0,1053.0,26.0,144.0,9.0,89.0,13.0,3.0,1.0,20000.0,13000.0,0,0,0,0,625.0,57.0,608878.0,113875.0,197317.0,56539.0
2008-07-21,50.25,-4.21667,50.0,1034.0,24.0,148.0,17.0,72.0,10.0,1.0,1.0,7000.0,3000.0,0,0,0,0,644.0,56.0,723361.0,5304.0,256676.0,5056.0
2008-07-28,50.25,-4.21667,0.2,9445.0,36.0,2827.0,37.0,1444.0,47.0,16.0,6.0,9000.0,1000.0,0,0,0,0,1030.0,17.0,365900.0,3859.0,107649.0,4214.0
2008-07-28,50.25,-4.21667,11.0,9908.0,280.0,2763.0,49.0,1201.0,44.0,9.0,3.0,18000.0,8000.0,0,0,0,0,942.0,167.0,309243.0,10485.0,115751.0,1990.0
2008-07-28,50.25,-4.21667,25.0,1519.0,50.0,832.0,39.0,430.0,22.0,1.0,1.0,19000.0,6000.0,0,0,0,0,1292.0,290.0,570329.0,7415.0,162789.0,1200.0
2008-07-28,50.25,-4.21667,50.0,699.0,19.0,673.0,41.0,390.0,36.0,3.0,1.0,8000.0,3000.0,0,0,0,0,2410.0,404.0,687971.0,13819.0,172680.0,16002.0
2008-08-20,50.25,-4.21667,0.2,6717.0,92.0,5870.0,73.0,2366.0,37.0,156.0,31.0,245000.0,13000.0,0,0,0,0,526.0,105.0,579857.0,14142.0,297444.0,10257.0
2008-08-20,50.25,-4.21667,10.0,6931.0,393.0,1635.0,92.0,1637.0,163.0,85.0,5.0,69000.0,15000.0,0,0,0,0,347.0,63.0,402629.0,27436.0,247859.0,5715.0
2008-08-20,50.25,-4.21667,25.0,5273.0,156.0,377.0,38.0,1583.0,65.0,56.0,8.0,9000.0,1000.0,0,0,0,0,527.0,51.0,322914.0,13213.0,240988.0,15596.0
2008-08-20,50.25,-4.21667,50.0,1691.0,34.0,575.0,19.0,1615.0,79.0,104.0,57.0,16000.0,10000.0,0,0,0,0,554.0,1.0,442071.0,2041.0,268475.0,8304.0
2008-08-26,50.25,-4.21667,0.2,8181.0,656.0,13761.0,212.0,2305.0,122.0,52.0,5.0,283000.0,23000.0,0,0,0,0,1046.0,70.0,787371.0,24931.0,384888.0,1135.0
2008-08-26,50.25,-4.21667,5.0,7463.0,139.0,13117.0,250.0,1824.0,199.0,40.0,17.0,245000.0,45000.0,0,0,0,0,1145.0,30.0,649700.0,51215.0,286477.0,14324.0
2008-08-26,50.25,-4.21667,25.0,3605.0,37.0,1078.0,22.0,169.0,5.0,43.0,10.0,10000.0,2000.0,0,0,0,0,1281.0,10.0,374343.0,13819.0,200421.0,5270.0
2008-08-26,50.25,-4.21667,50.0,2883.0,39.0,495.0,26.0,133.0,21.0,32.0,5.0,9000.0,4000.0,0,0,0,0,1146.0,9.0,485729.0,64993.0,229881.0,27664.0
2008-09-02,50.25,-4.21667,0.2,2102.0,82.0,165.0,5.0,446.0,10.0,35.0,3.0,19000.0,3000.0,0,0,0,0,454.0,3.0,921266.0,19290.0,422115.0,15447.0
2008-09-02,50.25,-4.21667,7.0,2372.0,286.0,201.0,14.0,516.0,45.0,34.0,4.0,18000.0,5000.0,0,0,0,0,492.0,47.0,867357.0,20732.0,421763.0,2297.0
2008-09-02,50.25,-4.21667,25.0,2254.0,131.0,452.0,39.0,332.0,21.0,55.0,5.0,16000.0,6000.0,0,0,0,0,874.0,59.0,671660.0,5216.0,348992.0,11269.0
2008-09-02,50.25,-4.21667,50.0,1421.0,81.0,399.0,31.0,206.0,7.0,50.0,2.0,9000.0,2000.0,0,0,0,0,897.0,29.0,682527.0,18912.0,346931.0,13485.0
2008-09-22,50.25,-4.21667,0.2,77329.0,104.0,25753.0,304.0,2588.0,107.0,93.0,19.0,577000.0,36000.0,0,0,0,0,1528.0,112.0,473582.0,17867.0,592786.0,37638.0
2008-09-22,50.25,-4.21667,7.5,78279.0,219.0,25093.0,519.0,2776.0,59.0,99.0,5.0,683000.0,37000.0,0,0,0,0,1546.0,66.0,442074.0,8850.0,578971.0,6344.0
2008-09-22,50.25,-4.21667,25.0,73327.0,342.0,24238.0,610.0,2775.0,47.0,116.0,15.0,645000.0,35000.0,0,0,0,0,1659.0,51.0,444555.0,8144.0,534200.0,2626.0
2008-09-22,50.25,-4.21667,50.0,20770.0,1322.0,5966.0,50.0,706.0,49.0,53.0,4.0,63000.0,6000.0,0,0,0,0,1271.0,52.0,346438.0,8292.0,369757.0,3980.0
2009-01-05,50.25,-4.21667,0.2,2131.0,84.0,2972.0,150.0,291.0,31.0,18.0,3.0,102000.0,6000.0,0,0,0,0,214.0,21.0,359757.0,19842.0,346406.0,19622.0
2009-01-05,50.25,-4.21667,10.0,2288.0,184.0,3178.0,307.0,303.0,35.0,22.0,10.0,95000.0,3000.0,0,0,0,0,197.0,7.0,358510.0,7214.0,360576.0,6697.0
2009-01-05,50.25,-4.21667,25.0,2427.0,61.0,3364.0,56.0,309.0,19.0,34.0,2.0,96000.0,9000.0,0,0,0,0,204.0,12.0,350998.0,5296.0,354209.0,10608.0
2009-01-05,50.25,-4.21667,50.0,2495.0,72.0,3675.0,554.0,315.0,18.0,40.0,20.0,88000.0,13000.0,0,0,0,0,210.0,26.0,334948.0,44693.0,333217.0,15316.0
2009-01-13,50.25,-4.21667,0.2,2619.0,47.0,4448.0,121.0,320.0,15.0,57.0,5.0,75000.0,7000.0,0,0,0,0,187.0,6.0,291159.0,8909.0,308451.0,6960.0
2009-01-13,50.25,-4.21667,10.0,2579.0,112.0,4413.0,122.0,304.0,31.0,51.0,1.0,70000.0,10000.0,0,0,0,0,184.0,9.0,288625.0,6453.0,308006.0,409.0
2009-01-13,50.25,-4.21667,25.0,2781.0,122.0,4448.0,82.0,313.0,37.0,54.0,6.0,92000.0,21000.0,0,0,0,0,163.0,19.0,331137.0,43418.0,313757.0,8442.0
2009-01-13,50.25,-4.21667,50.0,3081.0,390.0,4058.0,487.0,348.0,38.0,66.0,20.0,100000.0,4000.0,0,0,0,0,163.0,11.0,329465.0,49609.0,300110.0,8353.0
2009-01-16,50.25,-4.21667,0.2,3395.0,77.0,4696.0,853.0,375.0,8.0,87.0,17.0,95000.0,9000.0,0,0,0,0,167.0,7.0,295611.0,10708.0,300515.0,6050.0
2009-01-16,50.25,-4.21667,10.0,3565.0,80.0,4904.0,490.0,355.0,35.0,81.0,11.0,98000.0,13000.0,0,0,0,0,159.0,14.0,286391.0,2651.0,306107.0,6007.0
2009-01-16,50.25,-4.21667,25.0,3769.0,109.0,4481.0,143.0,267.0,43.0,88.0,25.0,88000.0,9000.0,0,0,0,0,157.0,19.0,280025.0,9398.0,315385.0,6967.0
2009-01-16,50.25,-4.21667,50.0,3560.0,396.0,4707.0,129.0,304.0,84.0,98.0,11.0,109000.0,40000.0,0,0,0,0,185.0,29.0,326428.0,84105.0,326030.0,8689.0
2009-01-21,50.25,-4.21667,0.2,3132.0,125.0,4980.0,245.0,383.0,34.0,81.0,25.0,140000.0,13000.0,0,0,0,0,206.0,36.0,397081.0,34481.0,340854.0,6800.0
2009-01-21,50.25,-4.21667,10.0,3282.0,33.0,5302.0,37.0,357.0,12.0,59.0,10.0,129000.0,22000.0,0,0,0,0,161.0,8.0,341785.0,31067.0,344779.0,6931.0
2009-01-21,50.25,-4.21667,25.0,2851.0,607.0,5093.0,637.0,350.0,10.0,47.0,7.0,85000.0,30000.0,0,0,0,0,166.0,4.0,324170.0,15828.0,338854.0,6452.0
2009-01-21,50.25,-4.21667,50.0,2206.0,479.0,4318.0,768.0,313.0,39.0,56.0,18.0,73000.0,37000.0,0,0,0,0,182.0,12.0,320026.0,10443.0,341482.0,10701.0
2009-01-26,50.25,-4.21667,0.2,2740.0,32.0,5173.0,123.0,361.0,37.0,72.0,6.0,125000.0,14000.0,0,0,0,0,185.0,11.0,301107.0,9483.0,350543.0,10812.0
2009-01-26,50.25,-4.21667,10.0,2694.0,108.0,5148.0,149.0,402.0,63.0,87.0,15.0,134000.0,6000.0,0,0,0,0,183.0,15.0,293042.0,9295.0,352085.0,8698.0
2009-01-26,50.25,-4.21667,25.0,2464.0,276.0,5124.0,308.0,369.0,18.0,91.0,20.0,112000.0,24000.0,0,0,0,0,182.0,13.0,275590.0,12017.0,348237.0,3919.0
2009-01-26,50.25,-4.21667,50.0,2653.0,712.0,4953.0,74.0,360.0,9.0,130.0,24.0,114000.0,41000.0,0,0,0,0,190.0,7.0,291852.0,49955.0,325954.0,24582.0
2009-02-11,50.25,-4.21667,0.2,3379.0,209.0,5016.0,99.0,327.0,42.0,101.0,44.0,128000.0,22000.0,0,0,0,0,186.0,47.0,345263.0,19405.0,306730.0,22213.0
2009-02-11,50.25,-4.21667,10.0,3716.0,138.0,5189.0,221.0,300.0,24.0,77.0,17.0,99000.0,6000.0,0,0,0,0,130.0,6.0,319253.0,4380.0,335731.0,4992.0
2009-02-11,50.25,-4.21667,25.0,3835.0,16.0,5429.0,10.0,283.0,19.0,96.0,8.0,97000.0,7000.0,0,0,0,0,125.0,8.0,316566.0,1450.0,331895.0,8776.0
2009-02-11,50.25,-4.21667,50.0,3940.0,400.0,7420.0,3277.0,576.0,461.0,114.0,18.0,194000.0,148000.0,0,0,0,0,168.0,87.0,299108.0,17289.0,299618.0,53947.0
2009-02-23,50.25,-4.21667,0.2,4275.0,65.0,9827.0,130.0,922.0,31.0,107.0,12.0,271000.0,24000.0,0,0,0,0,258.0,15.0,276604.0,9122.0,239971.0,2458.0
2009-02-23,50.25,-4.21667,25.0,3879.0,815.0,8042.0,1774.0,999.0,183.0,53.0,8.0,225000.0,48000.0,0,0,0,0,230.0,8.0,251805.0,5364.0,247516.0,3274.0
2009-02-23,50.25,-4.21667,50.0,4058.0,73.0,4582.0,56.0,220.0,25.0,47.0,6.0,70000.0,6000.0,0,0,0,0,165.0,3.0,309706.0,2045.0,287468.0,22629.0
2009-03-02,50.25,-4.21667,0.2,4128.0,61.0,7092.0,203.0,441.0,18.0,44.0,3.0,133000.0,7000.0,0,0,0,0,168.0,2.0,296823.0,10329.0,271257.0,1233.0
2009-03-02,50.25,-4.21667,10.0,4262.0,94.0,7213.0,54.0,463.0,14.0,45.0,6.0,131000.0,8000.0,0,0,0,0,195.0,11.0,300910.0,623.0,269792.0,522.0
2009-03-02,50.25,-4.21667,25.0,4400.0,72.0,6801.0,113.0,399.0,30.0,50.0,7.0,129000.0,19000.0,0,0,0,0,160.0,14.0,307842.0,236.0,264525.0,7654.0
2009-03-02,50.25,-4.21667,50.0,4329.0,49.0,6864.0,102.0,432.0,54.0,46.0,21.0,171000.0,89000.0,0,0,0,0,174.0,34.0,312252.0,6233.0,267019.0,4064.0
2009-03-09,50.25,-4.21667,0.2,4458.0,74.0,9324.0,105.0,484.0,25.0,92.0,9.0,128000.0,19000.0,0,0,0,0,171.0,4.0,346290.0,9499.0,289624.0,1014.0
2009-03-09,50.25,-4.21667,10.0,4392.0,171.0,9414.0,232.0,477.0,38.0,112.0,16.0,124000.0,11000.0,9000,15000,0,0,177.0,15.0,344672.0,2741.0,279337.0,7519.0
2009-03-09,50.25,-4.21667,25.0,4396.0,14.0,9462.0,54.0,472.0,23.0,82.0,16.0,124000.0,14000.0,34000,6000,0,0,171.0,15.0,346181.0,3707.0,284462.0,6455.0
2009-03-09,50.25,-4.21667,50.0,3750.0,106.0,8695.0,212.0,505.0,16.0,55.0,3.0,100000.0,13000.0,42000,18000,0,0,161.0,16.0,324764.0,1118.0,273781.0,5238.0
2009-03-16,50.25,-4.21667,0.2,3697.0,9.0,10585.0,6.0,434.0,39.0,76.0,10.0,107000.0,15000.0,59000,5000,0,0,169.0,18.0,306955.0,1651.0,277496.0,559.0
2009-03-16,50.25,-4.21667,10.0,3768.0,34.0,9676.0,301.0,445.0,14.0,72.0,6.0,105000.0,11000.0,20000,28000,0,0,267.0,8.0,344939.0,6244.0,282621.0,8381.0
2009-03-16,50.25,-4.21667,25.0,3519.0,85.0,8129.0,47.0,411.0,15.0,63.0,8.0,90000.0,15000.0,0,0,0,0,262.0,1.0,337864.0,1662.0,281777.0,8939.0
2009-03-16,50.25,-4.21667,50.0,3540.0,11.0,8535.0,56.0,390.0,46.0,59.0,10.0,100000.0,8000.0,0,0,0,0,253.0,27.0,341285.0,4984.0,284543.0,3367.0
2009-03-23,50.25,-4.21667,0.2,3476.0,287.0,11055.0,96.0,396.0,17.0,83.0,19.0,135000.0,25000.0,0,0,0,0,134.0,2.0,310513.0,1642.0,280331.0,564.0
2009-03-23,50.25,-4.21667,10.0,2876.0,37.0,8968.0,75.0,500.0,23.0,52.0,4.0,135000.0,8000.0,0,0,0,0,139.0,,349392.0,6306.0,285509.0,8466.0
2009-03-23,50.25,-4.21667,25.0,3467.0,228.0,9888.0,67.0,612.0,38.0,59.0,1.0,197000.0,14000.0,0,0,0,0,218.0,34.0,341329.0,1794.0,284657.0,9031.0
2009-03-23,50.25,-4.21667,50.0,3430.0,111.0,8390.0,107.0,452.0,18.0,34.0,7.0,74000.0,9000.0,0,0,0,0,256.0,37.0,344980.0,4987.0,287450.0,3402.0
2009-03-30,50.25,-4.21667,0.2,2608.0,119.0,3048.0,195.0,566.0,100.0,56.0,21.0,132000.0,56000.0,0,0,0,0,1735.0,34.0,411579.0,152905.0,132569.0,56214.0
2009-03-30,50.25,-4.21667,10.0,2658.0,142.0,3356.0,64.0,774.0,69.0,50.0,37.0,160000.0,22000.0,0,0,0,0,2283.0,442.0,408420.0,64612.0,138444.0,35546.0
2009-03-30,50.25,-4.21667,25.0,2824.0,185.0,3323.0,116.0,704.0,78.0,45.0,21.0,137000.0,48000.0,0,0,0,0,1827.0,20.0,392639.0,22835.0,132420.0,14488.0
2009-03-30,50.25,-4.21667,50.0,2989.0,134.0,4130.0,110.0,757.0,96.0,62.0,21.0,160000.0,55000.0,0,0,0,0,1721.0,88.0,383367.0,5530.0,147438.0,11009.0
2009-04-06,50.25,-4.21667,0.2,2229.0,110.0,17040.0,930.0,2585.0,135.0,104.0,41.0,527000.0,41000.0,0,0,0,0,2307.0,381.0,258777.0,9359.0,281130.0,4320.0
2009-04-06,50.25,-4.21667,10.0,3701.0,156.0,24056.0,770.0,2891.0,163.0,67.0,15.0,429000.0,88000.0,0,0,0,0,2206.0,82.0,289896.0,11982.0,303147.0,23578.0
2009-04-06,50.25,-4.21667,25.0,4649.0,86.0,7302.0,236.0,1335.0,153.0,123.0,51.0,244000.0,45000.0,0,0,0,0,1884.0,54.0,376077.0,7704.0,303020.0,3480.0
2009-04-06,50.25,-4.21667,50.0,5056.0,240.0,7461.0,29.0,1290.0,125.0,112.0,13.0,244000.0,44000.0,0,0,0,0,2055.0,65.0,377753.0,17795.0,304378.0,10079.0
2009-04-14,50.25,-4.21667,0.2,2751.0,73.0,14281.0,421.0,1007.0,147.0,50.0,5.0,124000.0,11000.0,0,0,0,0,171.0,20.0,302449.0,11451.0,115919.0,4067.0
2009-04-14,50.25,-4.21667,10.0,2928.0,163.0,12233.0,4556.0,790.0,202.0,39.0,26.0,87000.0,39000.0,0,0,0,0,179.0,31.0,320278.0,12401.0,117891.0,7071.0
2009-04-14,50.25,-4.21667,25.0,3260.0,135.0,6853.0,257.0,646.0,81.0,13.0,12.0,56000.0,28000.0,0,0,0,0,203.0,9.0,338312.0,4240.0,123724.0,2459.0
2009-04-14,50.25,-4.21667,50.0,3347.0,209.0,13205.0,10713.0,1425.0,1398.0,40.0,66.0,108000.0,132000.0,0,0,0,0,240.0,84.0,373561.0,65489.0,190073.0,126058.0
2009-04-20,50.25,-4.21667,0.2,3092.0,130.0,27029.0,1318.0,3606.0,731.0,79.0,33.0,269000.0,35000.0,0,0,0,0,498.0,267.0,414396.0,41695.0,354808.0,17303.0
2009-04-20,50.25,-4.21667,10.0,2696.0,627.0,20836.0,11791.0,4142.0,710.0,50.0,9.0,266000.0,89000.0,0,0,0,0,579.0,219.0,337305.0,38261.0,273508.0,154777.0
2009-04-20,50.25,-4.21667,25.0,1864.0,140.0,5456.0,2724.0,2643.0,1062.0,43.0,4.0,134000.0,41000.0,0,0,0,0,431.0,96.0,302026.0,12287.0,71619.0,35756.0
2009-04-20,50.25,-4.21667,50.0,1331.0,619.0,2957.0,1113.0,1514.0,271.0,28.0,18.0,94000.0,9000.0,0,0,0,0,394.0,136.0,382847.0,108280.0,57697.0,47318.0
2009-04-27,50.25,-4.21667,0.2,622.0,74.0,3799.0,526.0,2057.0,361.0,9.0,3.0,127000.0,21000.0,0,0,0,0,243.0,26.0,500091.0,7670.0,113519.0,5844.0
2009-04-27,50.25,-4.21667,10.0,582.0,28.0,3971.0,329.0,2515.0,96.0,10.0,3.0,88000.0,50000.0,0,0,0,0,246.0,22.0,509514.0,19633.0,147910.0,45063.0
2009-04-27,50.25,-4.21667,25.0,622.0,18.0,3847.0,169.0,2745.0,131.0,17.0,9.0,52000.0,9000.0,0,0,0,0,274.0,8.0,546647.0,21384.0,208808.0,10641.0
2009-04-27,50.25,-4.21667,50.0,689.0,88.0,8557.0,8296.0,3743.0,1708.0,23.0,3.0,64000.0,34000.0,0,0,0,0,661.0,653.0,469669.0,166359.0,181975.0,68389.0
2009-05-04,50.25,-4.21667,0.2,772.0,15.0,16288.0,2915.0,6130.0,626.0,56.0,38.0,85000.0,13000.0,0,0,0,0,1435.0,52.0,277724.0,116.0,108046.0,8983.0
2009-05-04,50.25,-4.21667,10.0,588.0,266.0,8918.0,6877.0,5614.0,2018.0,41.0,12.0,63000.0,31000.0,0,0,0,0,1418.0,111.0,279097.0,3303.0,122151.0,7094.0
2009-05-04,50.25,-4.21667,25.0,319.0,35.0,955.0,120.0,3610.0,772.0,36.0,10.0,17000.0,10000.0,0,0,0,0,1472.0,217.0,284636.0,10642.0,131988.0,2013.0
2009-05-04,50.25,-4.21667,50.0,618.0,490.0,7259.0,11132.0,3708.0,1343.0,26.0,4.0,69000.0,105000.0,0,0,0,0,1192.0,648.0,460151.0,281696.0,162438.0,51894.0
2009-05-11,50.25,-4.21667,0.2,1204.0,106.0,19576.0,471.0,2089.0,64.0,22.0,8.0,160000.0,46000.0,0,0,0,0,453.0,10.0,786088.0,12174.0,206799.0,13467.0
2009-05-11,50.25,-4.21667,10.0,1052.0,136.0,17511.0,2978.0,1912.0,164.0,27.0,6.0,78000.0,29000.0,0,0,0,0,483.0,49.0,782760.0,24856.0,192830.0,5568.0
2009-05-11,50.25,-4.21667,25.0,769.0,246.0,10604.0,5729.0,1557.0,319.0,25.0,7.0,51000.0,29000.0,0,0,0,0,463.0,78.0,718230.0,59825.0,182527.0,11454.0
2009-05-11,50.25,-4.21667,50.0,603.0,192.0,5562.0,2816.0,1103.0,307.0,31.0,16.0,35000.0,18000.0,0,0,0,0,294.0,206.0,721023.0,119479.0,152658.0,31098.0
2009-05-18,50.25,-4.21667,0.2,805.0,28.0,7337.0,2088.0,884.0,173.0,36.0,17.0,33000.0,33000.0,0,0,0,0,133.0,21.0,785622.0,103694.0,85885.0,43687.0
2009-05-18,50.25,-4.21667,10.0,692.0,131.0,4344.0,2417.0,824.0,192.0,44.0,29.0,28000.0,29000.0,0,0,0,0,175.0,50.0,666870.0,77721.0,53840.0,3981.0
2009-05-18,50.25,-4.21667,25.0,545.0,3.0,1476.0,113.0,619.0,7.0,49.0,40.0,66000.0,7000.0,0,0,0,0,193.0,23.0,658488.0,85892.0,84850.0,43836.0
2009-05-18,50.25,-4.21667,50.0,138.0,,2788.0,,480.0,,11.0,,31000.0,0.0,0,0,0,0,351.0,255.0,715776.0,55588.0,123499.0,23581.0
2009-06-02,50.25,-4.21667,0.2,142.0,5.0,3030.0,215.0,555.0,74.0,8.0,3.0,20000.0,10000.0,0,0,0,0,658.0,18.0,650908.0,966.0,87601.0,12359.0
2009-06-02,50.25,-4.21667,10.0,150.0,24.0,3268.0,84.0,655.0,34.0,19.0,1.0,21000.0,1000.0,0,0,0,0,629.0,51.0,748928.0,22164.0,89468.0,14758.0
2009-06-02,50.25,-4.21667,25.0,126.0,16.0,401.0,26.0,358.0,14.0,9.0,4.0,58000.0,11000.0,0,0,0,0,522.0,21.0,361759.0,13669.0,70251.0,9419.0
2009-06-02,50.25,-4.21667,50.0,128.0,27.0,337.0,33.0,366.0,72.0,9.0,3.0,55000.0,11000.0,0,0,0,0,326.0,91.0,331134.0,11878.0,66624.0,990.0
2009-06-08,50.25,-4.21667,0.2,322.0,60.0,2838.0,422.0,1629.0,230.0,36.0,27.0,185000.0,22000.0,0,0,0,0,255.0,14.0,331552.0,13214.0,77821.0,10979.0
2009-06-08,50.25,-4.21667,10.0,505.0,53.0,3255.0,176.0,1977.0,218.0,39.0,19.0,210000.0,30000.0,0,0,0,0,327.0,116.0,332253.0,25440.0,79479.0,13111.0
2009-06-08,50.25,-4.21667,25.0,516.0,164.0,4041.0,21.0,1853.0,450.0,34.0,8.0,216000.0,46000.0,0,0,0,0,363.0,71.0,339794.0,22117.0,62408.0,8367.0
2009-06-08,50.25,-4.21667,50.0,384.0,92.0,2891.0,46.0,1388.0,47.0,45.0,10.0,188000.0,43000.0,0,0,0,0,332.0,61.0,328447.0,7656.0,59186.0,879.0
2009-06-15,50.25,-4.21667,0.2,333.0,41.0,6979.0,249.0,732.0,68.0,5.0,5.0,132000.0,34000.0,0,0,0,0,463.0,17.0,679343.0,28302.0,161623.0,3399.0
2009-06-15,50.25,-4.21667,10.0,408.0,47.0,8841.0,81.0,320.0,18.0,10.0,12.0,17000.0,12000.0,0,0,0,0,230.0,26.0,608948.0,28197.0,164984.0,3038.0
2009-06-15,50.25,-4.21667,25.0,215.0,9.0,3916.0,91.0,359.0,12.0,22.0,8.0,99000.0,46000.0,0,0,0,0,520.0,16.0,590808.0,8409.0,117809.0,1775.0
2009-06-15,50.25,-4.21667,50.0,155.0,21.0,744.0,9.0,362.0,38.0,5.0,4.0,36000.0,10000.0,0,0,0,0,592.0,74.0,402542.0,26575.0,101538.0,12633.0
2009-06-22,50.25,-4.21667,0.2,1682.0,127.0,10443.0,504.0,1896.0,33.0,18.0,16.0,92000.0,76000.0,0,0,0,0,331.0,20.0,505479.0,55027.0,101297.0,15327.0
2009-06-22,50.25,-4.21667,10.0,2081.0,148.0,13121.0,693.0,1672.0,186.0,50.0,5.0,24000.0,8000.0,0,0,0,0,320.0,3.0,528488.0,142404.0,82727.0,3540.0
2009-06-22,50.25,-4.21667,25.0,2699.0,85.0,25199.0,1747.0,1746.0,231.0,29.0,12.0,13000.0,12000.0,0,0,0,0,370.0,18.0,578561.0,9874.0,89431.0,2402.0
2009-06-22,50.25,-4.21667,50.0,507.0,137.0,2308.0,129.0,861.0,143.0,18.0,25.0,48000.0,36000.0,0,0,0,0,540.0,4.0,344815.0,23002.0,85677.0,7332.0
2009-06-29,50.25,-4.21667,0.2,7828.0,217.0,6628.0,155.0,369.0,8.0,111.0,22.0,17000.0,6000.0,0,0,0,0,111.0,16.0,979815.0,58265.0,161096.0,11923.0
2009-06-29,50.25,-4.21667,10.0,2343.0,208.0,4525.0,358.0,697.0,92.0,49.0,14.0,26000.0,14000.0,0,0,0,0,145.0,14.0,772102.0,15732.0,122859.0,1091.0
2009-06-29,50.25,-4.21667,25.0,836.0,50.0,1343.0,6.0,564.0,32.0,25.0,4.0,18000.0,4000.0,0,0,0,0,157.0,3.0,456505.0,7244.0,82734.0,283.0
2009-06-29,50.25,-4.21667,50.0,601.0,18.0,1156.0,21.0,530.0,45.0,32.0,4.0,18000.0,8000.0,0,0,0,0,148.0,3.0,536691.0,10142.0,99510.0,5335.0
2009-07-07,50.25,-4.21667,0.2,21277.0,646.0,19671.0,368.0,1717.0,10.0,98.0,2.0,43000.0,11000.0,0,0,0,0,363.0,55.0,1255698.0,461917.0,392972.0,184721.0
2009-07-07,50.25,-4.21667,10.0,21108.0,221.0,19762.0,182.0,1747.0,72.0,130.0,4.0,37000.0,5000.0,0,0,0,0,283.0,1.0,1477842.0,11916.0,581667.0,12704.0
2009-07-07,50.25,-4.21667,25.0,1240.0,12.0,1674.0,71.0,106.0,12.0,8.0,3.0,10000.0,1000.0,0,0,0,0,125.0,3.0,672819.0,,198491.0,
2009-07-07,50.25,-4.21667,50.0,600.0,36.0,513.0,4.0,98.0,16.0,16.0,3.0,1000.0,0.0,0,0,0,0,114.0,32.0,727302.0,78.0,209882.0,9916.0
2009-07-13,50.25,-4.21667,0.2,10350.0,335.0,31664.0,1437.0,663.0,94.0,13.0,2.0,54000.0,3000.0,0,0,0,0,210.0,116.0,594291.0,17195.0,136674.0,3800.0
2009-07-13,50.25,-4.21667,10.0,12522.0,61.0,30802.0,775.0,692.0,26.0,10.0,2.0,55000.0,13000.0,0,0,0,0,247.0,26.0,586440.0,,169703.0,28948.0
2009-07-13,50.25,-4.21667,25.0,3273.0,66.0,3589.0,161.0,312.0,6.0,35.0,2.0,34000.0,10000.0,0,0,0,0,393.0,19.0,470732.0,1431.0,131871.0,7520.0
2009-07-13,50.25,-4.21667,50.0,1976.0,28.0,1571.0,91.0,146.0,24.0,36.0,8.0,15000.0,2000.0,0,0,0,0,424.0,31.0,482538.0,544.0,133510.0,1105.0
2009-07-20,50.25,-4.21667,0.2,14923.0,820.0,63425.0,1563.0,6742.0,591.0,108.0,10.0,235000.0,17000.0,0,0,0,0,1980.0,158.0,2131888.0,104967.0,452151.0,43840.0
2009-07-20,50.25,-4.21667,10.0,15161.0,100.0,75248.0,1797.0,8155.0,983.0,274.0,35.0,372000.0,10000.0,0,0,0,0,2285.0,471.0,1774163.0,201018.0,534789.0,127767.0
2009-07-20,50.25,-4.21667,25.0,6425.0,397.0,3417.0,212.0,924.0,46.0,55.0,15.0,75000.0,11000.0,0,0,0,0,1368.0,99.0,1421160.0,100.0,540355.0,86470.0
2009-07-20,50.25,-4.21667,50.0,4781.0,157.0,2281.0,564.0,542.0,151.0,140.0,20.0,23000.0,6000.0,0,0,0,0,1200.0,67.0,1407564.0,59653.0,437765.0,56920.0
2009-07-27,50.25,-4.21667,0.2,7124.0,403.0,21978.0,1852.0,1412.0,111.0,71.0,30.0,119000.0,31000.0,0,0,0,0,1067.0,24.0,3496096.0,392123.0,577711.0,35513.0
2009-07-27,50.25,-4.21667,10.0,5760.0,86.0,15529.0,735.0,1032.0,161.0,57.0,32.0,99000.0,43000.0,0,0,0,0,1076.0,58.0,3758335.0,91138.0,566585.0,117027.0
2009-07-27,50.25,-4.21667,25.0,2585.0,114.0,1749.0,138.0,539.0,112.0,28.0,13.0,34000.0,9000.0,0,0,0,0,1723.0,100.0,2204925.0,123797.0,524475.0,46330.0
2009-07-27,50.25,-4.21667,50.0,2438.0,177.0,1525.0,10.0,729.0,187.0,60.0,9.0,40000.0,18000.0,0,0,0,0,1562.0,107.0,2007614.0,241648.0,397142.0,143361.0
2009-08-17,50.25,-4.21667,0.2,10536.0,89.0,10028.0,326.0,2076.0,60.0,60.0,11.0,145000.0,5000.0,0,0,0,0,208.0,51.0,639692.0,7603.0,108179.0,3596.0
2009-08-24,50.25,-4.21667,0.2,12621.0,154.0,8486.0,218.0,1983.0,78.0,69.0,15.0,233000.0,15000.0,0,0,0,0,477.0,29.0,1073183.0,5533.0,305913.0,575.0
2009-08-24,50.25,-4.21667,10.0,18706.0,329.0,8150.0,205.0,2301.0,82.0,91.0,6.0,204000.0,18000.0,0,0,0,0,529.0,57.0,1137110.0,9489.0,341850.0,7989.0
2009-08-24,50.25,-4.21667,25.0,17549.0,286.0,4779.0,47.0,1529.0,11.0,50.0,8.0,104000.0,9000.0,0,0,0,0,467.0,16.0,907674.0,3995.0,354354.0,5579.0
2009-08-24,50.25,-4.21667,50.0,24605.0,14794.0,4655.0,1752.0,1130.0,268.0,41.0,8.0,134000.0,43000.0,0,0,0,0,430.0,39.0,1052030.0,272125.0,437487.0,173644.0
2009-09-07,50.25,-4.21667,0.2,51165.0,8213.0,7860.0,1673.0,1177.0,505.0,47.0,1.0,246000.0,88000.0,0,0,0,0,464.0,1.0,1362050.0,4590.0,632167.0,8192.0
2009-09-07,50.25,-4.21667,10.0,57278.0,625.0,8168.0,75.0,1131.0,98.0,88.0,8.0,342000.0,18000.0,0,0,0,0,438.0,51.0,1346189.0,41008.0,619100.0,84019.0
2009-09-07,50.25,-4.21667,25.0,34501.0,1564.0,4612.0,410.0,776.0,21.0,52.0,11.0,282000.0,19000.0,0,0,0,0,445.0,3.0,1149941.0,16390.0,568471.0,1557.0
2009-09-07,50.25,-4.21667,50.0,6431.0,70.0,779.0,62.0,140.0,8.0,20.0,5.0,55000.0,8000.0,0,0,0,0,292.0,27.0,589396.0,4121.0,359020.0,6802.0
2009-09-14,50.25,-4.21667,0.2,23564.0,152.0,9208.0,166.0,1170.0,82.0,84.0,10.0,464000.0,22000.0,0,0,0,0,249.0,1.0,738877.0,23684.0,420354.0,6661.0
2009-09-14,50.25,-4.21667,10.0,23150.0,387.0,9562.0,164.0,1199.0,54.0,74.0,6.0,476000.0,5000.0,0,0,0,0,265.0,6.0,828722.0,30033.0,433084.0,32442.0
2009-09-14,50.25,-4.21667,25.0,22131.0,155.0,9611.0,158.0,1092.0,36.0,61.0,6.0,429000.0,32000.0,0,0,0,0,247.0,0.0,757986.0,3787.0,389661.0,15033.0
2009-09-14,50.25,-4.21667,50.0,10646.0,87.0,3071.0,56.0,344.0,26.0,32.0,4.0,123000.0,8000.0,0,0,0,0,241.0,29.0,483952.0,154010.0,343170.0,80961.0
2009-09-22,50.25,-4.21667,0.2,20608.0,400.0,7402.0,101.0,824.0,42.0,122.0,9.0,393000.0,57000.0,0,0,0,0,395.0,31.0,925646.0,66249.0,640449.0,51008.0
2009-09-22,50.25,-4.21667,10.0,20468.0,377.0,6777.0,243.0,705.0,34.0,93.0,6.0,406000.0,27000.0,0,0,0,0,385.0,8.0,852980.0,81943.0,623470.0,92338.0
2009-09-22,50.25,-4.21667,25.0,21086.0,289.0,6351.0,114.0,688.0,18.0,110.0,9.0,389000.0,18000.0,0,0,0,0,378.0,12.0,901598.0,64134.0,634738.0,51553.0
2009-09-22,50.25,-4.21667,50.0,20594.0,1167.0,6429.0,520.0,661.0,54.0,92.0,32.0,346000.0,40000.0,0,0,0,0,330.0,52.0,842232.0,84649.0,610092.0,95066.0
2009-09-28,50.25,-4.21667,0.2,11406.0,208.0,9073.0,90.0,1859.0,181.0,133.0,55.0,570000.0,120000.0,0,0,0,0,229.0,52.0,790580.0,,325768.0,41403.0
2009-09-28,50.25,-4.21667,10.0,11802.0,194.0,9601.0,556.0,2245.0,440.0,158.0,20.0,701000.0,154000.0,0,0,0,0,288.0,9.0,929275.0,37325.0,524437.0,19810.0
2009-09-28,50.25,-4.21667,25.0,15742.0,132.0,12031.0,177.0,2880.0,53.0,228.0,76.0,1113000.0,81000.0,0,0,0,0,415.0,,731451.0,3563.0,424273.0,16809.0
2009-09-28,50.25,-4.21667,50.0,27275.0,270.0,5067.0,81.0,1024.0,25.0,85.0,22.0,258000.0,12000.0,0,0,0,0,252.0,,1169575.0,14186.0,696313.0,89664.0
2009-10-07,50.25,-4.21667,0.2,24129.0,1136.0,1664.0,160.0,834.0,129.0,197.0,27.0,394000.0,105000.0,0,0,0,0,517.0,91.0,904629.0,550.0,608181.0,9315.0
2009-10-07,50.25,-4.21667,10.0,25044.0,442.0,1492.0,70.0,772.0,18.0,179.0,19.0,478000.0,39000.0,0,0,0,0,386.0,63.0,861630.0,11154.0,690442.0,7739.0
2009-10-07,50.25,-4.21667,25.0,23862.0,201.0,1251.0,74.0,564.0,50.0,136.0,4.0,357000.0,66000.0,0,0,0,0,375.0,14.0,758409.0,110161.0,677183.0,105859.0
2009-10-07,50.25,-4.21667,50.0,25021.0,375.0,816.0,22.0,512.0,27.0,140.0,38.0,341000.0,40000.0,0,0,0,0,413.0,74.0,815909.0,21910.0,720302.0,1073.0
2009-10-12,50.25,-4.21667,0.2,6004.0,360.0,2266.0,105.0,1263.0,119.0,95.0,13.0,489000.0,31000.0,0,0,0,0,256.0,39.0,484463.0,10397.0,439448.0,5158.0
2009-10-12,50.25,-4.21667,10.0,5461.0,679.0,2136.0,119.0,1218.0,59.0,95.0,14.0,508000.0,8000.0,0,0,0,0,331.0,36.0,474174.0,45777.0,405948.0,36066.0
2009-10-12,50.25,-4.21667,25.0,5329.0,585.0,1571.0,873.0,996.0,354.0,79.0,30.0,403000.0,216000.0,0,0,0,0,390.0,62.0,431256.0,81583.0,366213.0,9105.0
2009-10-12,50.25,-4.21667,50.0,5414.0,53.0,544.0,30.0,592.0,1.0,49.0,7.0,153000.0,3000.0,0,0,0,0,357.0,132.0,569454.0,345873.0,492054.0,212928.0
2009-10-19,50.25,-4.21667,0.2,9661.0,569.0,7475.0,950.0,912.0,34.0,56.0,3.0,567000.0,37000.0,0,0,0,0,224.0,15.0,986719.0,80756.0,671079.0,63806.0
2009-10-19,50.25,-4.21667,10.0,9677.0,476.0,7911.0,610.0,970.0,55.0,77.0,20.0,606000.0,54000.0,0,0,0,0,248.0,13.0,896435.0,27783.0,570754.0,75149.0
2009-10-19,50.25,-4.21667,25.0,8799.0,722.0,6454.0,1524.0,1060.0,27.0,79.0,17.0,603000.0,37000.0,0,0,0,0,261.0,12.0,962632.0,100641.0,541637.0,58308.0
2009-10-19,50.25,-4.21667,50.0,12660.0,8048.0,6733.0,3614.0,959.0,230.0,66.0,14.0,607000.0,20000.0,0,0,0,0,255.0,42.0,1106873.0,24823.0,636176.0,65883.0
2009-10-26,50.25,-4.21667,0.2,22113.0,358.0,10868.0,217.0,720.0,41.0,85.0,18.0,592000.0,34000.0,0,0,0,0,214.0,8.0,1049516.0,149125.0,722372.0,33616.0
2009-10-26,50.25,-4.21667,10.0,21414.0,402.0,10684.0,404.0,628.0,82.0,86.0,15.0,543000.0,17000.0,0,0,0,0,205.0,30.0,847066.0,45205.0,744266.0,15631.0
2009-10-26,50.25,-4.21667,25.0,18320.0,4864.0,9667.0,2145.0,473.0,89.0,81.0,14.0,427000.0,200000.0,0,0,0,0,183.0,12.0,757875.0,53071.0,759752.0,26489.0
2009-10-26,50.25,-4.21667,50.0,15553.0,5136.0,8392.0,2135.0,394.0,29.0,107.0,66.0,269000.0,143000.0,0,0,0,0,182.0,14.0,691674.0,27483.0,759159.0,27197.0
2009-11-09,50.25,-4.21667,0.2,20958.0,799.0,10784.0,213.0,393.0,42.0,168.0,40.0,416000.0,32000.0,0,0,0,0,186.0,17.0,652739.0,14610.0,716168.0,64838.0
2009-11-09,50.25,-4.21667,10.0,20759.0,827.0,10863.0,368.0,371.0,27.0,170.0,42.0,415000.0,38000.0,0,0,0,0,190.0,18.0,670182.0,31945.0,675283.0,73353.0
2009-11-09,50.25,-4.21667,25.0,20738.0,1679.0,10766.0,1076.0,337.0,56.0,172.0,33.0,395000.0,31000.0,0,0,0,0,221.0,17.0,694622.0,19863.0,732251.0,59460.0
2009-11-09,50.25,-4.21667,50.0,14701.0,8180.0,7505.0,3407.0,247.0,42.0,151.0,30.0,315000.0,90000.0,0,0,0,0,218.0,8.0,619098.0,83982.0,582279.0,149098.0
2009-12-01,50.25,-4.21667,0.2,5466.0,210.0,3624.0,142.0,199.0,17.0,181.0,18.0,206000.0,27000.0,0,0,0,0,252.0,23.0,523101.0,11049.0,410624.0,1529.0
2009-12-01,50.25,-4.21667,10.0,5242.0,443.0,3482.0,382.0,178.0,9.0,160.0,12.0,174000.0,25000.0,0,0,0,0,243.0,14.0,499064.0,52570.0,403736.0,4934.0
2009-12-01,50.25,-4.21667,25.0,4633.0,153.0,2997.0,54.0,148.0,21.0,143.0,10.0,134000.0,23000.0,0,0,0,0,234.0,8.0,437632.0,21700.0,391169.0,9389.0
2009-12-01,50.25,-4.21667,50.0,4684.0,150.0,3215.0,416.0,172.0,52.0,139.0,18.0,153000.0,29000.0,0,0,0,0,242.0,12.0,441515.0,23502.0,378862.0,11600.0
2009-12-09,50.25,-4.21667,0.2,4722.0,135.0,3733.0,36.0,240.0,21.0,152.0,5.0,180000.0,3000.0,0,0,0,0,262.0,8.0,471265.0,18422.0,359039.0,22683.0
2009-12-09,50.25,-4.21667,10.0,4714.0,128.0,3796.0,68.0,246.0,27.0,139.0,17.0,176000.0,15000.0,0,0,0,0,271.0,9.0,479164.0,16078.0,350968.0,15777.0
2009-12-09,50.25,-4.21667,25.0,4831.0,113.0,3795.0,99.0,237.0,23.0,135.0,8.0,163000.0,12000.0,0,0,0,0,252.0,30.0,448840.0,34549.0,358160.0,10416.0
2009-12-09,50.25,-4.21667,50.0,4940.0,383.0,3989.0,529.0,264.0,55.0,156.0,18.0,166000.0,22000.0,0,0,0,0,237.0,13.0,423072.0,21726.0,333574.0,16159.0
2009-12-15,50.25,-4.21667,0.2,4956.0,508.0,4392.0,263.0,300.0,39.0,157.0,28.0,183000.0,12000.0,0,0,0,0,261.0,20.0,410806.0,5522.0,344490.0,17233.0
2009-12-15,50.25,-4.21667,10.0,4849.0,305.0,4358.0,267.0,279.0,15.0,171.0,31.0,172000.0,20000.0,0,0,0,0,268.0,25.0,428596.0,23300.0,356740.0,6576.0
2009-12-15,50.25,-4.21667,25.0,5258.0,63.0,4834.0,291.0,333.0,60.0,179.0,28.0,209000.0,93000.0,0,0,0,0,240.0,21.0,469799.0,44286.0,349614.0,17782.0
2009-12-15,50.25,-4.21667,50.0,5590.0,577.0,5713.0,870.0,460.0,118.0,196.0,21.0,281000.0,49000.0,0,0,0,0,298.0,69.0,432768.0,135895.0,301406.0,69127.0
2009-12-21,50.25,-4.21667,0.2,6378.0,107.0,6816.0,180.0,585.0,16.0,174.0,26.0,231000.0,35000.0,0,0,0,0,406.0,40.0,281944.0,8194.0,222619.0,107.0
2009-12-21,50.25,-4.21667,10.0,6201.0,196.0,6683.0,145.0,532.0,57.0,147.0,27.0,265000.0,42000.0,0,0,0,0,414.0,38.0,286242.0,24462.0,213035.0,16473.0
2009-12-21,50.25,-4.21667,25.0,6271.0,112.0,6888.0,141.0,460.0,48.0,153.0,32.0,278000.0,24000.0,0,0,0,0,384.0,23.0,241145.0,28129.0,180976.0,35497.0
2009-12-21,50.25,-4.21667,50.0,5238.0,128.0,4934.0,199.0,326.0,28.0,182.0,49.0,158000.0,15000.0,0,0,0,0,374.0,6.0,214344.0,12738.0,213802.0,18077.0
2010-01-04,50.25,-4.21667,0.2,8912.0,163.0,6995.0,352.0,340.0,23.0,222.0,47.0,168000.0,29000.0,0,0,0,0,171.0,32.0,300362.0,5130.0,270121.0,620.0
2010-01-04,50.25,-4.21667,10.0,8651.0,261.0,7119.0,259.0,349.0,31.0,211.0,12.0,150000.0,14000.0,0,0,0,0,172.0,30.0,285467.0,26196.0,252388.0,25699.0
2010-01-04,50.25,-4.21667,25.0,8548.0,143.0,7025.0,172.0,346.0,78.0,174.0,21.0,234000.0,47000.0,0,0,0,0,144.0,0.0,362780.0,36488.0,330834.0,3817.0
2010-01-04,50.25,-4.21667,50.0,8510.0,59.0,7032.0,123.0,328.0,20.0,198.0,47.0,154000.0,57000.0,0,0,0,0,156.0,33.0,289980.0,684.0,275586.0,3451.0
2010-01-11,50.25,-4.21667,0.2,7453.0,206.0,5731.0,33.0,285.0,53.0,108.0,25.0,128000.0,12000.0,0,0,0,0,142.0,5.0,287235.0,165.0,186513.0,7510.0
2010-01-11,50.25,-4.21667,10.0,7405.0,208.0,5582.0,170.0,282.0,12.0,98.0,34.0,143000.0,29000.0,0,0,0,0,118.0,22.0,263858.0,15486.0,167846.0,6286.0
2010-01-11,50.25,-4.21667,25.0,7364.0,83.0,5393.0,7.0,296.0,40.0,92.0,26.0,98000.0,12000.0,0,0,0,0,154.0,17.0,239185.0,6908.0,175671.0,13779.0
2010-01-11,50.25,-4.21667,50.0,7353.0,278.0,5566.0,206.0,303.0,50.0,95.0,34.0,122000.0,46000.0,0,0,0,0,105.0,7.0,270815.0,16756.0,183238.0,11017.0
2010-01-18,50.25,-4.21667,0.2,5317.0,305.0,4773.0,151.0,352.0,44.0,114.0,30.0,172000.0,26000.0,0,0,0,0,127.0,9.0,795757.0,43822.0,302082.0,24228.0
2010-01-18,50.25,-4.21667,10.0,6308.0,125.0,4849.0,207.0,324.0,26.0,95.0,51.0,98000.0,11000.0,0,0,0,0,84.0,2.0,527034.0,9218.0,481679.0,2245.0
2010-01-18,50.25,-4.21667,25.0,6092.0,40.0,15729.0,44.0,261.0,48.0,85.0,18.0,105000.0,29000.0,0,0,0,0,94.0,6.0,493002.0,18463.0,496501.0,42744.0
2010-01-18,50.25,-4.21667,50.0,6126.0,265.0,3805.0,154.0,250.0,22.0,42.0,43.0,72000.0,9000.0,0,0,0,0,125.0,6.0,470983.0,,491827.0,
2010-01-26,50.25,-4.21667,0.2,6836.0,104.0,5636.0,85.0,853.0,23.0,156.0,20.0,181000.0,4000.0,0,0,0,0,179.0,20.0,222513.0,13051.0,251190.0,24229.0
2010-01-26,50.25,-4.21667,10.0,7444.0,938.0,5894.0,311.0,891.0,29.0,151.0,35.0,213000.0,48000.0,0,0,0,0,153.0,7.0,217848.0,26444.0,220642.0,5113.0
2010-01-26,50.25,-4.21667,25.0,3456.0,728.0,1793.0,277.0,302.0,61.0,71.0,13.0,48000.0,14000.0,0,0,0,0,152.0,6.0,190826.0,6664.0,223711.0,14634.0
2010-01-26,50.25,-4.21667,50.0,4191.0,537.0,2521.0,853.0,660.0,557.0,92.0,29.0,61000.0,9000.0,0,0,0,0,300.0,248.0,193320.0,6054.0,230026.0,18110.0
2010-02-01,50.25,-4.21667,0.2,4714.0,80.0,3597.0,397.0,1186.0,161.0,118.0,39.0,102000.0,34000.0,0,0,0,0,611.0,34.0,185008.0,2349.0,214855.0,8119.0
2010-02-01,50.25,-4.21667,10.0,4792.0,213.0,3645.0,107.0,1139.0,36.0,107.0,24.0,113000.0,6000.0,0,0,0,0,523.0,24.0,176436.0,2264.0,215928.0,18483.0
2010-02-01,50.25,-4.21667,25.0,4935.0,334.0,3749.0,261.0,1072.0,118.0,107.0,15.0,97000.0,28000.0,0,0,0,0,524.0,22.0,171629.0,7575.0,182550.0,3415.0
2010-02-01,50.25,-4.21667,50.0,4899.0,166.0,3674.0,57.0,1039.0,95.0,78.0,6.0,105000.0,5000.0,0,0,0,0,508.0,115.0,161866.0,4924.0,208114.0,5093.0
2010-02-08,50.25,-4.21667,0.2,5201.0,98.0,5347.0,52.0,525.0,34.0,41.0,6.0,97000.0,3000.0,0,0,0,0,266.0,29.0,203951.0,30615.0,198037.0,21935.0
2010-02-08,50.25,-4.21667,10.0,5775.0,138.0,6463.0,87.0,590.0,45.0,35.0,7.0,115000.0,13000.0,0,0,0,0,276.0,0.0,168704.0,15608.0,274845.0,6588.0
2010-02-08,50.25,-4.21667,25.0,5026.0,277.0,4479.0,219.0,436.0,4.0,23.0,12.0,88000.0,20000.0,0,0,0,0,223.0,30.0,214116.0,28281.0,240276.0,5404.0
2010-02-08,50.25,-4.21667,50.0,6896.0,52.0,6591.0,191.0,676.0,26.0,30.0,15.0,144000.0,14000.0,0,0,0,0,210.0,67.0,204320.0,30319.0,237923.0,5058.0
2010-02-15,50.25,-4.21667,0.2,7266.0,64.0,13332.0,215.0,1237.0,39.0,259.0,44.0,286000.0,24000.0,0,0,0,0,515.0,10.0,217326.0,12244.0,260533.0,12214.0
2010-02-15,50.25,-4.21667,10.0,7423.0,163.0,13426.0,164.0,1233.0,6.0,287.0,24.0,283000.0,4000.0,0,0,0,0,469.0,21.0,205371.0,18192.0,251176.0,52316.0
2010-02-15,50.25,-4.21667,25.0,7621.0,108.0,11654.0,253.0,1032.0,36.0,222.0,17.0,193000.0,17000.0,0,0,0,0,498.0,11.0,226602.0,,253792.0,
2010-02-15,50.25,-4.21667,50.0,5701.0,57.0,5712.0,20.0,529.0,30.0,176.0,18.0,97000.0,7000.0,0,0,0,0,352.0,3.0,236260.0,5754.0,285950.0,5229.0
2010-02-25,50.25,-4.21667,0.2,5752.0,10.0,8367.0,42.0,532.0,13.0,197.0,34.0,173000.0,11000.0,0,0,0,0,213.0,11.0,235524.0,62.0,220628.0,6052.0
2010-02-25,50.25,-4.21667,10.0,5808.0,158.0,7681.0,103.0,527.0,25.0,179.0,6.0,155000.0,3000.0,0,0,0,0,226.0,9.0,227156.0,12785.0,219415.0,27049.0
2010-02-25,50.25,-4.21667,25.0,5924.0,34.0,7710.0,197.0,491.0,44.0,144.0,14.0,124000.0,13000.0,0,0,0,0,274.0,11.0,225201.0,16210.0,220481.0,2781.0
2010-02-25,50.25,-4.21667,50.0,5355.0,60.0,6703.0,122.0,516.0,11.0,228.0,50.0,113000.0,14000.0,0,0,0,0,260.0,14.0,207828.0,2252.0,198652.0,16575.0
2010-03-01,50.25,-4.21667,0.2,6483.0,169.0,10546.0,175.0,670.0,17.0,416.0,49.0,222000.0,20000.0,0,0,0,0,220.0,10.0,248097.0,11531.0,244301.0,1071.0
2010-03-01,50.25,-4.21667,10.0,6715.0,71.0,11220.0,164.0,694.0,17.0,407.0,17.0,260000.0,13000.0,0,0,0,0,221.0,20.0,246230.0,3688.0,222046.0,2053.0
2010-03-01,50.25,-4.21667,25.0,5150.0,195.0,7062.0,171.0,461.0,27.0,213.0,23.0,120000.0,23000.0,0,0,0,0,211.0,13.0,211407.0,7157.0,254644.0,5422.0
2010-03-01,50.25,-4.21667,50.0,4751.0,44.0,5332.0,107.0,433.0,66.0,113.0,91.0,134000.0,37000.0,0,0,0,0,251.0,44.0,219401.0,6224.0,236131.0,7178.0
2010-03-08,50.25,-4.21667,0.2,5831.0,181.0,9028.0,103.0,536.0,8.0,341.0,37.0,142000.0,4000.0,0,0,0,0,255.0,24.0,266608.0,13353.0,302486.0,9364.0
2010-03-08,50.25,-4.21667,10.0,5791.0,142.0,9091.0,264.0,540.0,32.0,282.0,45.0,147000.0,8000.0,0,0,0,0,250.0,9.0,233142.0,18016.0,269596.0,14619.0
2010-03-08,50.25,-4.21667,25.0,5751.0,60.0,8814.0,68.0,472.0,25.0,308.0,29.0,117000.0,12000.0,0,0,0,0,244.0,3.0,247339.0,13115.0,278002.0,22434.0
2010-03-08,50.25,-4.21667,50.0,5772.0,75.0,8676.0,30.0,619.0,15.0,282.0,0.0,145000.0,27000.0,0,0,0,0,269.0,1.0,214519.0,3760.0,239577.0,2402.0
2010-03-15,50.25,-4.21667,0.2,5086.0,238.0,10257.0,1009.0,800.0,112.0,146.0,7.0,110000.0,31000.0,0,0,0,0,280.0,11.0,226699.0,9516.0,319496.0,11724.0
2010-03-15,50.25,-4.21667,10.0,4732.0,89.0,8933.0,231.0,662.0,67.0,169.0,14.0,119000.0,23000.0,0,0,0,0,309.0,16.0,236369.0,3710.0,329052.0,2884.0
2010-03-15,50.25,-4.21667,25.0,4659.0,72.0,8820.0,189.0,573.0,88.0,171.0,10.0,98000.0,14000.0,0,0,0,0,312.0,12.0,234215.0,4429.0,326350.0,2127.0
2010-03-15,50.25,-4.21667,50.0,3254.0,2182.0,6368.0,3744.0,484.0,20.0,147.0,22.0,67000.0,26000.0,0,0,0,0,272.0,30.0,262941.0,52656.0,247410.0,119346.0
2010-04-07,50.25,-4.21667,0.2,831.0,86.0,2161.0,109.0,471.0,16.0,182.0,53.0,44000.0,12000.0,0,0,0,0,257.0,24.0,323326.0,559.0,109907.0,
2010-04-07,50.25,-4.21667,10.0,529.0,21.0,1146.0,12.0,366.0,17.0,59.0,9.0,32000.0,6000.0,0,0,0,0,207.0,2.0,329057.0,41357.0,105875.0,19984.0
2010-04-07,50.25,-4.21667,25.0,485.0,8.0,538.0,19.0,238.0,19.0,22.0,2.0,11000.0,2000.0,0,0,0,0,512.0,0.0,282674.0,11639.0,149312.0,12049.0
2010-04-07,50.25,-4.21667,50.0,410.0,4.0,586.0,45.0,296.0,15.0,31.0,6.0,14000.0,4000.0,0,0,0,0,657.0,29.0,285115.0,6534.0,133985.0,8794.0
2010-04-12,50.25,-4.21667,0.2,399.0,114.0,6162.0,57.0,1023.0,65.0,71.0,17.0,217000.0,200000.0,82000,3000,0,0,411.0,45.0,475051.0,18129.0,198458.0,10974.0
2010-04-12,50.25,-4.21667,10.0,640.0,268.0,4676.0,2492.0,978.0,99.0,62.0,19.0,210000.0,137000.0,94000,25000,0,0,510.0,137.0,447530.0,40368.0,197741.0,10224.0
2010-04-12,50.25,-4.21667,25.0,784.0,325.0,1389.0,584.0,700.0,257.0,41.0,10.0,80000.0,11000.0,310000,357000,0,0,710.0,169.0,399402.0,23145.0,190246.0,4945.0
2010-04-12,50.25,-4.21667,50.0,408.0,2.0,1835.0,1883.0,403.0,45.0,45.0,14.0,49000.0,18000.0,572000,294000,0,0,671.0,413.0,471308.0,201863.0,200359.0,43661.0
2010-04-19,50.25,-4.21667,0.2,382.0,5.0,4139.0,126.0,383.0,55.0,36.0,11.0,43000.0,3000.0,221000,15000,0,0,196.0,2.0,686467.0,23903.0,237052.0,17771.0
2010-04-19,50.25,-4.21667,10.0,547.0,48.0,2897.0,79.0,853.0,5.0,25.0,12.0,82000.0,17000.0,559000,26000,0,0,395.0,89.0,640008.0,21872.0,207047.0,12917.0
2010-04-19,50.25,-4.21667,25.0,481.0,19.0,2147.0,77.0,998.0,75.0,27.0,8.0,70000.0,15000.0,1018000,100000,0,0,644.0,36.0,643777.0,18775.0,185358.0,6892.0
2010-04-19,50.25,-4.21667,50.0,572.0,23.0,2900.0,89.0,779.0,107.0,25.0,8.0,71000.0,13000.0,765000,15000,0,0,376.0,30.0,631253.0,19519.0,207940.0,6816.0
2010-04-26,50.25,-4.21667,0.2,328.0,34.0,5716.0,112.0,767.0,221.0,36.0,9.0,140000.0,14000.0,0,0,0,0,92.0,7.0,749296.0,6647.0,291628.0,8767.0
2010-04-26,50.25,-4.21667,10.0,327.0,16.0,5414.0,201.0,613.0,39.0,22.0,6.0,104000.0,16000.0,226000,51000,0,0,109.0,5.0,213535.0,22674.0,72445.0,12977.0
2010-04-26,50.25,-4.21667,25.0,132.0,12.0,614.0,4.0,782.0,76.0,14.0,3.0,56000.0,7000.0,1858000,129000,0,0,380.0,20.0,106210.0,570.0,78726.0,6546.0
2010-04-26,50.25,-4.21667,50.0,278.0,24.0,628.0,48.0,657.0,76.0,39.0,8.0,58000.0,1000.0,5754000,295000,0,0,688.0,5.0,134337.0,10012.0,74473.0,23155.0
2010-05-04,50.25,-4.21667,0.2,69.0,29.0,390.0,77.0,3356.0,251.0,7.0,5.0,36000.0,13000.0,1326000,183000,0,0,1116.0,34.0,817087.0,10625.0,123686.0,1387.0
2010-05-04,50.25,-4.21667,10.0,83.0,1.0,375.0,92.0,3655.0,71.0,5.0,1.0,46000.0,5000.0,1803000,351000,0,0,1481.0,150.0,820120.0,1700.0,122578.0,4884.0
2010-05-04,50.25,-4.21667,25.0,61.0,18.0,331.0,39.0,4287.0,600.0,8.0,4.0,39000.0,10000.0,5028000,62000,0,0,1603.0,37.0,827195.0,3504.0,121725.0,1532.0
2010-05-04,50.25,-4.21667,50.0,55.0,17.0,347.0,21.0,4686.0,624.0,29.0,3.0,35000.0,6000.0,8153000,313000,0,0,1693.0,52.0,851938.0,3268.0,120873.0,1821.0
2010-05-10,50.25,-4.21667,0.2,86.0,7.0,600.0,73.0,3641.0,6.0,2.0,1.0,47000.0,9000.0,0,0,0,0,925.0,7.0,854345.0,14436.0,122219.0,9867.0
2010-05-10,50.25,-4.21667,10.0,113.0,7.0,689.0,7.0,3767.0,136.0,6.0,4.0,47000.0,1000.0,0,0,0,0,871.0,43.0,821328.0,24737.0,121081.0,5980.0
2010-05-10,50.25,-4.21667,25.0,117.0,10.0,692.0,56.0,3611.0,57.0,4.0,4.0,50000.0,12000.0,0,0,0,0,952.0,1347.0,794997.0,9206.0,123866.0,680.0
2010-05-10,50.25,-4.21667,50.0,75.0,21.0,421.0,30.0,25031.0,1548.0,12.0,7.0,40000.0,13000.0,23137000,1406000,0,0,0.0,,1128659.0,76421.0,162916.0,7983.0
2010-05-17,50.25,-4.21667,0.2,112.0,26.0,7421.0,69.0,6204.0,229.0,12.0,2.0,13000.0,8000.0,6000,0,0,0,1781.0,37.0,438273.0,66056.0,120455.0,12556.0
2010-05-17,50.25,-4.21667,10.0,159.0,17.0,6582.0,33.0,6340.0,71.0,15.0,1.0,32000.0,3000.0,61000,23000,0,0,1999.0,34.0,577963.0,38111.0,169516.0,3613.0
2010-05-17,50.25,-4.21667,25.0,83.0,12.0,1158.0,61.0,6584.0,239.0,14.0,3.0,44000.0,10000.0,52000,20000,0,0,2134.0,62.0,634890.0,21087.0,137982.0,11659.0
2010-05-17,50.25,-4.21667,50.0,66.0,16.0,790.0,39.0,6810.0,203.0,16.0,5.0,28000.0,5000.0,45000,11000,0,0,2323.0,13.0,711453.0,107365.0,139112.0,27971.0
2010-05-24,50.25,-4.21667,0.2,211.0,6.0,23213.0,158.0,4961.0,23.0,20.0,3.0,9000.0,1000.0,0,0,0,0,1643.0,77.0,741872.0,8750.0,221539.0,9605.0
2010-05-24,50.25,-4.21667,10.0,252.0,10.0,26416.0,520.0,4812.0,89.0,8.0,2.0,9000.0,4000.0,0,0,0,0,2293.0,127.0,707593.0,25313.0,242487.0,6564.0
2010-05-24,50.25,-4.21667,25.0,103.0,9.0,1154.0,46.0,1374.0,65.0,15.0,2.0,56000.0,6000.0,0,0,0,0,1095.0,75.0,609955.0,44734.0,158373.0,9833.0
2010-05-24,50.25,-4.21667,50.0,82.0,12.0,464.0,23.0,1130.0,69.0,16.0,5.0,37000.0,2000.0,173000,37000,0,0,1167.0,39.0,601349.0,27004.0,179187.0,1128.0
2010-06-02,50.25,-4.21667,0.2,75.0,12.0,6132.0,109.0,2775.0,86.0,25.0,13.0,28000.0,7000.0,0,0,0,0,,,,,,
2010-06-02,50.25,-4.21667,10.0,169.0,15.0,6270.0,39.0,3190.0,58.0,27.0,3.0,49000.0,8000.0,0,0,0,0,,,,,,
2010-06-02,50.25,-4.21667,25.0,126.0,3.0,783.0,27.0,736.0,35.0,13.0,5.0,28000.0,12000.0,0,0,0,0,,,,,,
2010-06-02,50.25,-4.21667,50.0,193.0,6.0,546.0,77.0,658.0,114.0,6.0,5.0,35000.0,8000.0,0,0,0,0,,,,,,
2010-06-07,50.25,-4.21667,0.2,130.0,23.0,6506.0,72.0,1750.0,7.0,23.0,3.0,88000.0,3000.0,0,0,0,0,203.0,19.0,576526.0,45214.0,154541.0,14172.0
2010-06-07,50.25,-4.21667,10.0,79.0,8.0,2544.0,72.0,1888.0,60.0,17.0,2.0,36000.0,7000.0,0,0,0,0,149.0,5.0,369127.0,3790.0,100925.0,904.0
2010-06-07,50.25,-4.21667,25.0,102.0,9.0,631.0,24.0,972.0,31.0,14.0,3.0,38000.0,13000.0,0,0,0,0,189.0,23.0,390973.0,76099.0,104092.0,13399.0
2010-06-07,50.25,-4.21667,50.0,94.0,11.0,404.0,38.0,663.0,91.0,14.0,5.0,17000.0,1000.0,769000,54000,0,0,218.0,28.0,706825.0,16762.0,158607.0,5514.0
2010-06-14,50.25,-4.21667,0.2,9480.0,141.0,20100.0,378.0,3799.0,62.0,17.0,6.0,154000.0,8000.0,0,0,0,0,197.0,15.0,606315.0,19240.0,234296.0,12776.0
2010-06-14,50.25,-4.21667,10.0,9650.0,223.0,19903.0,135.0,3759.0,122.0,17.0,3.0,164000.0,12000.0,0,0,0,0,185.0,17.0,480348.0,13141.0,297052.0,11438.0
2010-06-14,50.25,-4.21667,25.0,2563.0,57.0,24481.0,104.0,2629.0,50.0,10.0,2.0,453000.0,88000.0,0,0,0,0,129.0,41.0,547754.0,54042.0,209054.0,21226.0
2010-06-14,50.25,-4.21667,50.0,968.0,20.0,2958.0,183.0,1245.0,38.0,6.0,1.0,162000.0,27000.0,43000,25000,0,0,109.0,5.0,1024230.0,74548.0,252093.0,37287.0
2010-06-21,50.25,-4.21667,0.2,2426.0,43.0,9152.0,122.0,2070.0,143.0,12.0,1.0,88000.0,14000.0,0,0,0,0,657.0,18.0,512077.0,8309.0,197222.0,1565.0
2010-06-21,50.25,-4.21667,10.0,1744.0,78.0,4990.0,123.0,1527.0,70.0,10.0,6.0,147000.0,12000.0,0,0,0,0,668.0,0.0,320304.0,12257.0,128923.0,3957.0
2010-06-21,50.25,-4.21667,25.0,1485.0,74.0,3985.0,139.0,1014.0,14.0,10.0,3.0,188000.0,11000.0,30000,7000,0,0,674.0,48.0,433902.0,742.0,174776.0,2773.0
2010-06-21,50.25,-4.21667,50.0,1634.0,62.0,3770.0,115.0,770.0,40.0,7.0,2.0,75000.0,6000.0,17000,8000,0,0,692.0,54.0,578718.0,1671.0,227197.0,4313.0
2010-06-29,50.25,-4.21667,0.2,16915.0,199.0,10603.0,169.0,9713.0,156.0,83.0,18.0,45000.0,1000.0,0,0,0,0,1577.0,0.0,398344.0,14907.0,120712.0,326.0
2010-06-29,50.25,-4.21667,10.0,17984.0,358.0,8001.0,91.0,6190.0,199.0,41.0,6.0,97000.0,21000.0,0,0,0,0,1098.0,11.0,278200.0,5231.0,103045.0,5358.0
2010-06-29,50.25,-4.21667,25.0,3477.0,103.0,910.0,70.0,2759.0,88.0,7.0,1.0,131000.0,1000.0,0,0,0,0,774.0,1.0,456058.0,8293.0,171964.0,5371.0
2010-06-29,50.25,-4.21667,50.0,2083.0,97.0,1063.0,64.0,567.0,4.0,9.0,4.0,90000.0,19000.0,0,0,0,0,754.0,58.0,479493.0,870.0,206765.0,552.0
2010-07-06,50.25,-4.21667,0.2,42196.0,381.0,10210.0,215.0,4658.0,391.0,90.0,14.0,318000.0,22000.0,0,0,0,0,635.0,0.0,418308.0,34509.0,273063.0,4013.0
2010-07-06,50.25,-4.21667,10.0,32092.0,232.0,20208.0,148.0,3638.0,182.0,48.0,10.0,470000.0,40000.0,0,0,0,0,477.0,10.0,422780.0,10822.0,257680.0,2906.0
2010-07-06,50.25,-4.21667,25.0,6489.0,252.0,7777.0,31.0,771.0,33.0,21.0,4.0,296000.0,21000.0,0,0,0,0,396.0,1.0,423035.0,5972.0,240130.0,7637.0
2010-07-06,50.25,-4.21667,50.0,4535.0,66.0,1743.0,30.0,451.0,36.0,6.0,4.0,57000.0,15000.0,0,0,0,0,382.0,31.0,501806.0,5742.0,284474.0,5557.0
2010-07-12,50.25,-4.21667,0.2,11735.0,665.0,5539.0,273.0,1351.0,69.0,10.0,4.0,108000.0,5000.0,0,0,0,0,445.0,7.0,485159.0,17667.0,67021.0,439.0
2010-07-12,50.25,-4.21667,10.0,13250.0,173.0,5479.0,117.0,1609.0,71.0,17.0,8.0,83000.0,12000.0,0,0,0,0,515.0,95.0,405239.0,3806.0,107428.0,376.0
2010-07-12,50.25,-4.21667,25.0,4887.0,38.0,4226.0,167.0,668.0,53.0,18.0,8.0,217000.0,26000.0,0,0,0,0,339.0,2.0,280354.0,954.0,218985.0,3308.0
2010-07-12,50.25,-4.21667,50.0,3606.0,131.0,1759.0,40.0,416.0,37.0,11.0,1.0,110000.0,14000.0,0,0,0,0,329.0,5.0,391812.0,3991.0,184106.0,6477.0
2010-07-19,50.25,-4.21667,0.2,11058.0,83.0,29424.0,607.0,4962.0,48.0,467.0,25.0,612000.0,26000.0,0,0,0,0,1306.0,12.0,492240.0,3476.0,168866.0,6507.0
2010-07-19,50.25,-4.21667,10.0,5772.0,311.0,15982.0,727.0,3250.0,144.0,197.0,3.0,189000.0,4000.0,0,0,0,0,974.0,34.0,313648.0,14961.0,104019.0,7138.0
2010-07-19,50.25,-4.21667,50.0,3460.0,18.0,2241.0,27.0,779.0,63.0,73.0,6.0,46000.0,5000.0,0,0,0,0,889.0,3.0,383971.0,1748.0,193877.0,7219.0
2010-07-26,50.25,-4.21667,0.2,8418.0,136.0,10829.0,111.0,1686.0,105.0,18.0,1.0,147000.0,5000.0,0,0,0,0,647.0,29.0,1097412.0,6387.0,98534.0,7184.0
2010-07-26,50.25,-4.21667,10.0,12852.0,649.0,15417.0,444.0,1014.0,81.0,24.0,3.0,138000.0,7000.0,0,0,0,0,540.0,9.0,1260233.0,5728.0,214317.0,9203.0
2010-07-26,50.25,-4.21667,25.0,3571.0,94.0,3346.0,112.0,361.0,32.0,23.0,2.0,100000.0,10000.0,0,0,0,0,564.0,8.0,728773.0,11950.0,180867.0,7664.0
2010-07-26,50.25,-4.21667,50.0,2791.0,61.0,2138.0,33.0,329.0,21.0,26.0,3.0,73000.0,12000.0,0,0,0,0,596.0,29.0,729667.0,4176.0,167697.0,3901.0
2010-08-03,50.25,-4.21667,0.2,22038.0,1248.0,11642.0,810.0,1584.0,153.0,115.0,22.0,127000.0,10000.0,0,0,0,0,904.0,27.0,794685.0,6047.0,302266.0,3993.0
2010-08-03,50.25,-4.21667,10.0,22577.0,507.0,13743.0,280.0,1466.0,32.0,183.0,12.0,180000.0,44000.0,0,0,0,0,859.0,29.0,829394.0,17462.0,315770.0,9809.0
2010-08-03,50.25,-4.21667,25.0,,,,,,,,,,,0,0,0,0,904.0,61.0,581478.0,6365.0,243794.0,550.0
2010-08-03,50.25,-4.21667,50.0,2925.0,158.0,660.0,12.0,216.0,20.0,28.0,8.0,30000.0,6000.0,0,0,0,0,993.0,12.0,641516.0,4036.0,228551.0,2720.0
2010-08-11,50.25,-4.21667,0.2,48159.0,149.0,14716.0,322.0,2971.0,47.0,603.0,36.0,87000.0,6000.0,0,0,0,0,1309.0,74.0,670703.0,3943.0,304656.0,407.0
2010-08-11,50.25,-4.21667,10.0,46947.0,212.0,14671.0,259.0,3248.0,45.0,605.0,29.0,126000.0,11000.0,0,0,0,0,1647.0,76.0,670118.0,5954.0,332020.0,23851.0
2010-08-11,50.25,-4.21667,25.0,4004.0,21.0,614.0,43.0,308.0,14.0,57.0,9.0,50000.0,19000.0,0,0,0,0,921.0,107.0,533982.0,12816.0,243294.0,8554.0
2010-08-11,50.25,-4.21667,50.0,3485.0,27.0,387.0,18.0,262.0,24.0,31.0,2.0,38000.0,8000.0,0,0,0,0,1214.0,106.0,532859.0,6113.0,255183.0,0.0
2010-08-16,50.25,-4.21667,0.2,15954.0,596.0,13778.0,36.0,3872.0,134.0,557.0,55.0,359000.0,7000.0,0,0,0,0,1461.0,17.0,684366.0,7473.0,295293.0,4331.0
2010-08-16,50.25,-4.21667,10.0,16313.0,324.0,13133.0,32.0,3981.0,77.0,489.0,63.0,434000.0,25000.0,0,0,0,0,1488.0,54.0,694843.0,1462.0,298444.0,9628.0
2010-08-16,50.25,-4.21667,25.0,10411.0,100.0,5216.0,84.0,1242.0,62.0,330.0,3.0,92000.0,8000.0,0,0,0,0,1160.0,124.0,637877.0,13813.0,288326.0,17771.0
2010-08-16,50.25,-4.21667,50.0,9524.0,104.0,4355.0,100.0,1026.0,67.0,255.0,28.0,63000.0,8000.0,0,0,0,0,1022.0,46.0,615016.0,6239.0,303707.0,5522.0
2010-08-31,50.25,-4.21667,0.2,7436.0,144.0,7953.0,204.0,1326.0,74.0,229.0,27.0,205000.0,15000.0,0,0,0,0,1196.0,135.0,473321.0,7136.0,234612.0,6003.0
2010-08-31,50.25,-4.21667,10.0,7208.0,189.0,7386.0,66.0,1266.0,36.0,214.0,17.0,157000.0,25000.0,0,0,0,0,936.0,52.0,398906.0,21475.0,186199.0,11593.0
2010-08-31,50.25,-4.21667,25.0,6500.0,156.0,5121.0,112.0,780.0,27.0,138.0,3.0,46000.0,11000.0,0,0,0,0,1034.0,150.0,305767.0,10788.0,190893.0,15057.0
2010-08-31,50.25,-4.21667,50.0,4539.0,326.0,2348.0,76.0,323.0,39.0,79.0,11.0,23000.0,12000.0,0,0,0,0,1151.0,27.0,240232.0,10710.0,153575.0,8460.0
2010-09-06,50.25,-4.21667,0.2,35926.0,1189.0,10210.0,326.0,1575.0,89.0,145.0,6.0,182000.0,12000.0,0,0,0,0,850.0,43.0,1144708.0,3646.0,576212.0,37169.0
2010-09-06,50.25,-4.21667,10.0,31447.0,367.0,12056.0,87.0,1612.0,74.0,158.0,5.0,237000.0,7000.0,0,0,0,0,1010.0,19.0,1224884.0,11081.0,494345.0,18672.0
2010-09-06,50.25,-4.21667,25.0,14226.0,59.0,13756.0,187.0,1827.0,53.0,206.0,19.0,314000.0,21000.0,0,0,0,0,1461.0,1.0,1231150.0,28301.0,397368.0,21077.0
2010-09-06,50.25,-4.21667,50.0,6323.0,78.0,5678.0,114.0,563.0,47.0,101.0,15.0,132000.0,13000.0,0,0,0,0,697.0,19.0,795977.0,,331714.0,
2010-09-13,50.25,-4.21667,0.2,21679.0,274.0,5982.0,124.0,1415.0,23.0,230.0,25.0,319000.0,24000.0,0,0,0,0,848.0,7.0,715195.0,666.0,363448.0,587.0
2010-09-13,50.25,-4.21667,10.0,14839.0,193.0,5077.0,38.0,1221.0,32.0,198.0,20.0,253000.0,16000.0,0,0,0,0,830.0,40.0,671290.0,8295.0,363699.0,2361.0
2010-09-13,50.25,-4.21667,25.0,8542.0,118.0,726.0,46.0,282.0,25.0,54.0,4.0,49000.0,9000.0,0,0,0,0,837.0,21.0,472438.0,33421.0,365913.0,8745.0
2010-09-13,50.25,-4.21667,50.0,7661.0,190.0,583.0,12.0,203.0,11.0,48.0,4.0,24000.0,3000.0,0,0,0,0,783.0,12.0,387925.0,40439.0,295046.0,7228.0
2010-09-20,50.25,-4.21667,0.2,36971.0,565.0,33312.0,272.0,3921.0,104.0,200.0,14.0,580000.0,6000.0,0,0,0,0,1262.0,4.0,1076305.0,78454.0,592829.0,44424.0
2010-09-20,50.25,-4.21667,10.0,36431.0,567.0,26905.0,692.0,3697.0,233.0,193.0,23.0,473000.0,41000.0,0,0,0,0,828.0,82.0,988666.0,13067.0,531655.0,21193.0
2010-09-20,50.25,-4.21667,25.0,14596.0,310.0,4708.0,177.0,1779.0,41.0,125.0,7.0,165000.0,10000.0,0,0,0,0,1309.0,23.0,754875.0,5537.0,525785.0,30358.0
2010-09-20,50.25,-4.21667,50.0,2196.0,108.0,374.0,28.0,79.0,6.0,30.0,1.0,16000.0,14000.0,0,0,0,0,918.0,13.0,386168.0,6768.0,365954.0,13310.0
2010-09-27,50.25,-4.21667,0.2,54127.0,304.0,14744.0,162.0,1178.0,13.0,136.0,18.0,377000.0,26000.0,0,0,0,0,990.0,62.0,1034470.0,45104.0,812974.0,79620.0
2010-09-27,50.25,-4.21667,10.0,54984.0,676.0,15388.0,119.0,1335.0,57.0,149.0,6.0,498000.0,26000.0,0,0,0,0,995.0,95.0,1015313.0,2875.0,674511.0,25821.0
2010-09-27,50.25,-4.21667,25.0,55026.0,287.0,15678.0,234.0,1046.0,135.0,156.0,11.0,458000.0,39000.0,0,0,0,0,820.0,0.0,863009.0,57515.0,622038.0,32905.0
2010-09-27,50.25,-4.21667,50.0,14434.0,51.0,3280.0,76.0,268.0,15.0,47.0,10.0,56000.0,10000.0,0,0,0,0,1079.0,42.0,545349.0,19481.0,432466.0,26907.0
2010-10-04,50.25,-4.21667,0.2,17645.0,93.0,14371.0,363.0,1554.0,66.0,151.0,35.0,598000.0,154000.0,0,0,214000,32000,1119.0,10.0,665032.0,17477.0,668402.0,10752.0
2010-10-04,50.25,-4.21667,10.0,16506.0,823.0,11190.0,79.0,1746.0,31.0,95.0,7.0,663000.0,30000.0,0,0,8000,11000,1108.0,27.0,587220.0,28860.0,603333.0,30948.0
2010-10-04,50.25,-4.21667,25.0,14862.0,216.0,7342.0,144.0,750.0,79.0,84.0,10.0,347000.0,25000.0,0,0,0,0,1792.0,1472.0,532655.0,6188.0,623636.0,17992.0
2010-10-04,50.25,-4.21667,50.0,7772.0,125.0,2554.0,93.0,280.0,15.0,33.0,11.0,148000.0,13000.0,0,0,0,0,900.0,81.0,485334.0,5458.0,536153.0,2906.0
2010-10-13,50.25,-4.21667,0.2,12425.0,157.0,11300.0,59.0,509.0,40.0,154.0,9.0,413000.0,43000.0,0,0,0,0,2189.0,157.0,506991.0,30563.0,489051.0,5141.0
2010-10-13,50.25,-4.21667,10.0,12448.0,62.0,11509.0,166.0,508.0,29.0,106.0,17.0,448000.0,31000.0,0,0,0,0,1987.0,35.0,505189.0,2454.0,490160.0,31.0
2010-10-13,50.25,-4.21667,25.0,12459.0,134.0,10425.0,300.0,520.0,9.0,87.0,8.0,409000.0,26000.0,0,0,0,0,2286.0,34.0,506166.0,3612.0,480299.0,2143.0
2010-10-13,50.25,-4.21667,50.0,11072.0,393.0,8920.0,16.0,450.0,0.0,66.0,3.0,296000.0,6000.0,0,0,0,0,2134.0,24.0,504159.0,6341.0,476257.0,1988.0
2010-10-18,50.25,-4.21667,0.2,19250.0,532.0,20617.0,773.0,698.0,84.0,106.0,8.0,595000.0,12000.0,0,0,0,0,1195.0,11.0,638624.0,50594.0,551428.0,21417.0
2010-10-18,50.25,-4.21667,10.0,10234.0,11.0,11008.0,62.0,622.0,8.0,43.0,2.0,484000.0,11000.0,0,0,0,0,1395.0,32.0,528071.0,2372.0,523292.0,9862.0
2010-10-18,50.25,-4.21667,25.0,12445.0,110.0,10931.0,168.0,429.0,2.0,44.0,0.0,345000.0,9000.0,0,0,0,0,1255.0,53.0,529220.0,6571.0,518054.0,4380.0
2010-10-18,50.25,-4.21667,50.0,9422.0,64.0,8181.0,110.0,414.0,57.0,40.0,12.0,285000.0,3000.0,0,0,0,0,1392.0,21.0,501242.0,10733.0,511740.0,12160.0
2010-11-01,50.25,-4.21667,0.2,13985.0,689.0,7103.0,104.0,369.0,19.0,100.0,20.0,333000.0,51000.0,0,0,0,0,1221.0,83.0,425758.0,9825.0,519020.0,16804.0
2010-11-01,50.25,-4.21667,10.0,14621.0,62.0,7297.0,360.0,348.0,17.0,91.0,8.0,323000.0,53000.0,0,0,0,0,1218.0,6.0,444065.0,3044.0,516681.0,481.0
2010-11-01,50.25,-4.21667,25.0,13840.0,40.0,7256.0,96.0,316.0,50.0,61.0,9.0,316000.0,0.0,0,0,0,0,1156.0,9.0,447175.0,1407.0,533549.0,1848.0
2010-11-01,50.25,-4.21667,50.0,14383.0,5.0,7402.0,138.0,307.0,3.0,65.0,26.0,303000.0,22000.0,0,0,0,0,1062.0,21.0,444853.0,4912.0,542467.0,20920.0
2010-11-16,50.25,-4.21667,0.2,15005.0,53.0,6619.0,106.0,398.0,8.0,97.0,3.0,403000.0,11000.0,0,0,0,0,1710.0,14.0,326973.0,,544322.0,
2010-11-16,50.25,-4.21667,10.0,14203.0,1073.0,6257.0,261.0,397.0,25.0,93.0,11.0,387000.0,61000.0,0,0,0,0,1769.0,38.0,344396.0,7593.0,564375.0,3230.0
2010-11-16,50.25,-4.21667,25.0,14323.0,59.0,6572.0,11.0,411.0,0.0,76.0,8.0,369000.0,6000.0,0,0,0,0,2689.0,265.0,412528.0,13996.0,587118.0,3277.0
2010-11-16,50.25,-4.21667,50.0,11093.0,102.0,4628.0,0.0,222.0,12.0,57.0,0.0,257000.0,19000.0,0,0,0,0,2757.0,82.0,541290.0,33276.0,599660.0,3184.0
2010-11-22,50.25,-4.21667,0.2,14899.0,48.0,6855.0,284.0,266.0,31.0,141.0,22.0,144000.0,5000.0,0,0,0,0,838.0,19.0,425239.0,6646.0,392148.0,823.0
2010-11-22,50.25,-4.21667,10.0,11499.0,782.0,4760.0,730.0,202.0,34.0,67.0,14.0,61000.0,28000.0,0,0,0,0,717.0,95.0,384800.0,6408.0,367692.0,4752.0
2010-11-22,50.25,-4.21667,25.0,12306.0,542.0,4897.0,368.0,229.0,57.0,45.0,8.0,89000.0,39000.0,0,0,0,0,679.0,64.0,329468.0,8028.0,369009.0,2951.0
2010-11-22,50.25,-4.21667,50.0,9749.0,17.0,3526.0,134.0,210.0,17.0,44.0,9.0,74000.0,5000.0,0,0,0,0,855.0,19.0,309502.0,6552.0,352196.0,1506.0
2010-11-30,50.25,-4.21667,0.2,14706.0,179.0,7832.0,88.0,457.0,40.0,65.0,5.0,326000.0,20000.0,0,0,0,0,872.0,9.0,268316.0,2151.0,450132.0,947.0
2010-11-30,50.25,-4.21667,10.0,14774.0,17.0,7843.0,33.0,436.0,29.0,53.0,12.0,278000.0,5000.0,0,0,0,0,875.0,0.0,273201.0,7083.0,448704.0,4550.0
2010-11-30,50.25,-4.21667,25.0,14852.0,320.0,7945.0,50.0,407.0,17.0,38.0,8.0,300000.0,11000.0,0,0,0,0,957.0,6.0,339859.0,6017.0,388985.0,7563.0
2010-11-30,50.25,-4.21667,50.0,15078.0,168.0,8008.0,88.0,407.0,23.0,49.0,5.0,252000.0,16000.0,0,0,0,0,1008.0,2.0,346354.0,1441.0,386591.0,4271.0
2010-12-06,50.25,-4.21667,0.2,16387.0,147.0,9607.0,186.0,507.0,106.0,91.0,8.0,279000.0,22000.0,0,0,0,0,830.0,42.0,353094.0,8674.0,353349.0,9070.0
2010-12-06,50.25,-4.21667,10.0,16193.0,174.0,9752.0,47.0,505.0,9.0,92.0,12.0,310000.0,19000.0,0,0,0,0,855.0,14.0,350851.0,3202.0,358072.0,8821.0
2010-12-06,50.25,-4.21667,25.0,16151.0,382.0,9818.0,146.0,471.0,33.0,54.0,2.0,306000.0,26000.0,0,0,0,0,860.0,59.0,353385.0,15944.0,358632.0,2718.0
2010-12-06,50.25,-4.21667,50.0,15896.0,11.0,9641.0,166.0,488.0,2.0,49.0,17.0,292000.0,40000.0,0,0,0,0,924.0,141.0,366347.0,4260.0,353240.0,37149.0
2011-01-06,50.25,-4.21667,0.2,5734.0,260.0,3227.0,79.0,305.0,2.0,72.0,3.0,250000.0,23000.0,0,0,0,0,771.0,83.0,247792.0,44267.0,299956.0,25066.0
2011-01-06,50.25,-4.21667,10.0,5928.0,75.0,3428.0,80.0,320.0,32.0,56.0,6.0,225000.0,35000.0,0,0,0,0,674.0,2.0,228345.0,29972.0,313024.0,36155.0
2011-01-06,50.25,-4.21667,25.0,6006.0,110.0,3306.0,168.0,319.0,23.0,70.0,8.0,173000.0,128000.0,0,0,0,0,646.0,18.0,151641.0,15689.0,221568.0,17487.0
2011-01-06,50.25,-4.21667,50.0,5910.0,89.0,3195.0,35.0,310.0,17.0,76.0,6.0,222000.0,21000.0,0,0,0,0,642.0,28.0,185409.0,23779.0,271491.0,33235.0
2011-01-17,50.25,-4.21667,0.2,9123.0,89.0,5299.0,39.0,377.0,30.0,131.0,1.0,271000.0,47000.0,0,0,0,0,1509.0,3.0,301273.0,8438.0,295658.0,14547.0
2011-01-17,50.25,-4.21667,10.0,9279.0,411.0,5215.0,139.0,337.0,20.0,117.0,3.0,263000.0,10000.0,0,0,0,0,1280.0,2.0,241573.0,9275.0,255679.0,6290.0
2011-01-17,50.25,-4.21667,25.0,9646.0,329.0,5429.0,208.0,366.0,11.0,107.0,20.0,210000.0,17000.0,0,0,0,0,1104.0,20.0,273339.0,5770.0,270520.0,32353.0
2011-01-17,50.25,-4.21667,50.0,8001.0,28.0,4233.0,154.0,279.0,8.0,106.0,7.0,195000.0,13000.0,0,0,0,0,899.0,,281485.0,,296964.0,
2011-01-25,50.25,-4.21667,0.2,9065.0,268.0,6233.0,30.0,446.0,20.0,209.0,22.0,279000.0,50000.0,0,0,0,0,724.0,21.0,207882.0,9283.0,204606.0,7792.0
2011-01-25,50.25,-4.21667,10.0,9726.0,83.0,6446.0,258.0,487.0,19.0,172.0,10.0,328000.0,20000.0,0,0,0,0,772.0,19.0,138457.0,33447.0,141682.0,30277.0
2011-01-25,50.25,-4.21667,25.0,9914.0,252.0,6541.0,152.0,494.0,56.0,163.0,25.0,267000.0,43000.0,0,0,0,0,661.0,43.0,185507.0,40476.0,195279.0,40553.0
2011-01-25,50.25,-4.21667,50.0,10191.0,104.0,6517.0,181.0,429.0,37.0,181.0,10.0,311000.0,8000.0,0,0,0,0,701.0,39.0,62040.0,6184.0,72208.0,6320.0
2011-01-31,50.25,-4.21667,0.2,9330.0,23.0,7515.0,32.0,375.0,27.0,123.0,4.0,261000.0,16000.0,0,0,0,0,1144.0,46.0,,,,
2011-01-31,50.25,-4.21667,10.0,9012.0,72.0,6629.0,48.0,363.0,38.0,107.0,16.0,233000.0,17000.0,0,0,0,0,1089.0,23.0,112706.0,14862.0,131493.0,12030.0
2011-01-31,50.25,-4.21667,25.0,9079.0,32.0,6451.0,218.0,358.0,21.0,112.0,13.0,198000.0,9000.0,0,0,0,0,1030.0,24.0,173756.0,10935.0,201840.0,16997.0
2011-01-31,50.25,-4.21667,50.0,8772.0,239.0,6178.0,105.0,328.0,18.0,122.0,26.0,202000.0,5000.0,0,0,0,0,1218.0,88.0,154696.0,27659.0,175531.0,31481.0
2011-02-08,50.25,-4.21667,0.2,14165.0,345.0,10613.0,167.0,235.0,16.0,87.0,15.0,183000.0,41000.0,0,0,0,0,606.0,56.0,189312.0,14934.0,169325.0,12721.0
2011-02-08,50.25,-4.21667,10.0,14185.0,29.0,10772.0,91.0,249.0,20.0,81.0,5.0,151000.0,9000.0,0,0,0,0,661.0,9.0,199811.0,194.0,185060.0,297.0
2011-02-08,50.25,-4.21667,25.0,14589.0,231.0,10347.0,206.0,201.0,12.0,68.0,17.0,150000.0,22000.0,0,0,0,0,715.0,11.0,194901.0,5732.0,180125.0,8026.0
2011-02-08,50.25,-4.21667,50.0,14698.0,214.0,10341.0,52.0,181.0,12.0,67.0,7.0,157000.0,8000.0,0,0,0,0,721.0,26.0,178373.0,12277.0,862235.0,970992.0
2011-02-14,50.25,-4.21667,0.2,10848.0,90.0,7167.0,110.0,189.0,13.0,77.0,19.0,130000.0,11000.0,0,0,0,0,895.0,39.0,138838.0,809.0,161175.0,3373.0
2011-02-22,50.25,-4.21667,0.2,7305.0,119.0,4827.0,76.0,245.0,5.0,117.0,13.0,177000.0,15000.0,0,0,0,0,722.0,13.0,150318.0,453.0,135520.0,113.0
2011-02-22,50.25,-4.21667,10.0,6989.0,113.0,4978.0,240.0,253.0,36.0,113.0,7.0,157000.0,18000.0,0,0,0,0,695.0,70.0,122994.0,7702.0,118335.0,16058.0
2011-02-22,50.25,-4.21667,25.0,5952.0,68.0,4011.0,158.0,193.0,9.0,107.0,21.0,103000.0,3000.0,0,0,0,0,681.0,7.0,110053.0,3141.0,101625.0,955.0
2011-02-22,50.25,-4.21667,50.0,6061.0,66.0,4427.0,20.0,229.0,2.0,102.0,16.0,115000.0,9000.0,0,0,0,0,667.0,28.0,95136.0,15064.0,92715.0,11533.0
2011-03-07,50.25,-4.21667,0.2,6748.0,210.0,8196.0,99.0,704.0,52.0,147.0,34.0,206000.0,13000.0,0,0,0,0,777.0,14.0,132241.0,3056.0,129365.0,4009.0
2011-03-07,50.25,-4.21667,10.0,6497.0,146.0,8086.0,226.0,718.0,47.0,154.0,17.0,244000.0,21000.0,0,0,0,0,770.0,32.0,121103.0,18949.0,121185.0,19014.0
2011-03-07,50.25,-4.21667,25.0,6334.0,125.0,7985.0,177.0,687.0,60.0,160.0,12.0,220000.0,32000.0,0,0,0,0,779.0,63.0,124284.0,10691.0,121960.0,6406.0
2011-03-07,50.25,-4.21667,50.0,6459.0,136.0,7773.0,177.0,639.0,70.0,149.0,12.0,223000.0,16000.0,0,0,0,0,786.0,11.0,121213.0,22309.0,120920.0,19007.0
2011-03-14,50.25,-4.21667,0.2,3553.0,44.0,8465.0,129.0,1414.0,50.0,107.0,19.0,259000.0,34000.0,0,0,0,0,577.0,20.0,129818.0,,139120.0,
2011-03-14,50.25,-4.21667,10.0,3262.0,80.0,6950.0,190.0,1319.0,25.0,63.0,5.0,241000.0,37000.0,0,0,0,0,464.0,,128177.0,,126730.0,
2011-03-14,50.25,-4.21667,25.0,6131.0,109.0,5807.0,105.0,656.0,7.0,57.0,15.0,196000.0,14000.0,0,0,0,0,431.0,28.0,154218.0,7515.0,157995.0,7870.0
2011-03-14,50.25,-4.21667,50.0,6033.0,42.0,5056.0,114.0,501.0,22.0,65.0,11.0,165000.0,12000.0,0,0,0,0,551.0,27.0,142384.0,,147590.0,
2011-03-28,50.25,-4.21667,0.2,1274.0,220.0,2565.0,124.0,584.0,56.0,21.0,2.0,78000.0,14000.0,0,0,0,0,479.0,14.0,114813.0,251.0,84737.0,327.0
2011-03-28,50.25,-4.21667,10.0,1189.0,27.0,2729.0,118.0,465.0,18.0,22.0,5.0,89000.0,16000.0,0,0,0,0,1195.0,142.0,122574.0,9001.0,94613.0,5418.0
2011-03-28,50.25,-4.21667,25.0,1059.0,26.0,1765.0,93.0,478.0,37.0,19.0,10.0,75000.0,20000.0,0,0,0,0,1490.0,38.0,179338.0,4175.0,109777.0,2866.0
2011-03-28,50.25,-4.21667,50.0,1200.0,64.0,1722.0,81.0,575.0,70.0,29.0,6.0,87000.0,18000.0,0,0,0,0,1244.0,16.0,186043.0,7292.0,108123.0,5646.0
2011-04-06,50.25,-4.21667,0.2,1020.0,23.0,3455.0,231.0,1422.0,145.0,32.0,11.0,111000.0,11000.0,482000,128000,0,0,2341.0,2.0,308210.0,2730.0,93590.0,2326.0
2011-04-06,50.25,-4.21667,10.0,1055.0,23.0,3969.0,169.0,1813.0,301.0,35.0,10.0,120000.0,3000.0,560000,23000,0,0,2201.0,53.0,314842.0,5278.0,106370.0,4436.0
2011-04-06,50.25,-4.21667,25.0,749.0,54.0,1217.0,86.0,637.0,189.0,19.0,3.0,31000.0,5000.0,311000,135000,0,0,1611.0,22.0,238181.0,16081.0,135083.0,11564.0
2011-04-06,50.25,-4.21667,50.0,834.0,29.0,1190.0,68.0,592.0,68.0,17.0,1.0,41000.0,2000.0,323000,90000,0,0,1576.0,84.0,235613.0,3600.0,138843.0,3422.0
2011-04-11,50.25,-4.21667,0.2,673.0,38.0,3092.0,45.0,1261.0,28.0,55.0,17.0,120000.0,22000.0,385000,4000,0,0,1119.0,20.0,182708.0,1589.0,45377.0,561.0
2011-04-11,50.25,-4.21667,10.0,805.0,49.0,2833.0,195.0,1286.0,102.0,41.0,17.0,53000.0,3000.0,392000,62000,0,0,1099.0,64.0,185651.0,7876.0,42583.0,1455.0
2011-04-11,50.25,-4.21667,25.0,1053.0,111.0,1695.0,54.0,915.0,141.0,23.0,8.0,54000.0,6000.0,373000,75000,0,0,2914.0,36.0,402604.0,13155.0,171480.0,4798.0
2011-04-11,50.25,-4.21667,50.0,1017.0,55.0,1357.0,46.0,935.0,55.0,28.0,8.0,55000.0,6000.0,421000,23000,0,0,3438.0,284.0,421099.0,12145.0,171763.0,3470.0
2011-04-19,50.25,-4.21667,0.2,762.0,9.0,1921.0,60.0,633.0,47.0,55.0,6.0,57000.0,13000.0,268000,64000,0,0,1255.0,27.0,170352.0,3785.0,33300.0,588.0
2011-04-19,50.25,-4.21667,10.0,1141.0,38.0,2179.0,83.0,1039.0,115.0,65.0,21.0,20000.0,5000.0,983000,105000,0,0,2192.0,58.0,346379.0,459.0,90843.0,972.0
2011-04-19,50.25,-4.21667,25.0,1356.0,96.0,2293.0,185.0,1158.0,71.0,71.0,9.0,30000.0,10000.0,1211000,229000,0,0,2360.0,121.0,409434.0,1980.0,110230.0,2876.0
2011-04-19,50.25,-4.21667,50.0,1135.0,74.0,2367.0,140.0,1055.0,8.0,17.0,8.0,19000.0,4000.0,1284000,250000,0,0,3114.0,32.0,421415.0,12937.0,113330.0,671.0
2011-04-26,50.25,-4.21667,0.2,396.0,37.0,3992.0,87.0,2436.0,121.0,36.0,10.0,235000.0,45000.0,0,0,0,0,2355.0,138.0,253205.0,8729.0,81597.0,2259.0
2011-04-26,50.25,-4.21667,10.0,279.0,48.0,2542.0,101.0,2219.0,97.0,23.0,8.0,173000.0,24000.0,0,0,0,0,2229.0,48.0,237791.0,4554.0,66973.0,1406.0
2011-04-26,50.25,-4.21667,25.0,200.0,12.0,3235.0,41.0,949.0,134.0,21.0,8.0,25000.0,13000.0,4325000,116000,0,0,3232.0,146.0,349307.0,1070.0,98910.0,1110.0
2011-05-11,50.25,-4.21667,0.2,3221.0,159.0,25714.0,503.0,4446.0,178.0,2230.0,182.0,341000.0,19000.0,0,0,0,0,1229.0,5.0,588671.0,2179.0,391780.0,4041.0
2011-05-11,50.25,-4.21667,10.0,2331.0,40.0,27784.0,196.0,3383.0,55.0,561.0,46.0,173000.0,17000.0,0,0,0,0,801.0,16.0,579193.0,7888.0,354900.0,2547.0
2011-05-11,50.25,-4.21667,25.0,1105.0,30.0,9685.0,206.0,3100.0,96.0,323.0,18.0,279000.0,24000.0,0,0,0,0,2208.0,7.0,333095.0,3145.0,194230.0,1901.0
2011-05-11,50.25,-4.21667,50.0,671.0,11.0,4645.0,94.0,1950.0,60.0,219.0,19.0,53000.0,8000.0,0,0,0,0,2531.0,73.0,319192.0,746.0,182853.0,950.0
2011-05-16,50.25,-4.21667,0.2,537.0,55.0,5903.0,270.0,908.0,100.0,208.0,26.0,121000.0,4000.0,0,0,40000,3000,2436.0,49.0,282225.0,9390.0,132573.0,5137.0
2011-05-16,50.25,-4.21667,10.0,554.0,51.0,5981.0,188.0,915.0,34.0,187.0,19.0,121000.0,20000.0,0,0,37000,17000,2464.0,48.0,281463.0,13029.0,128210.0,3929.0
2011-05-16,50.25,-4.21667,25.0,421.0,21.0,1164.0,58.0,495.0,22.0,119.0,13.0,28000.0,5000.0,0,0,12000,7000,580.0,53.0,181819.0,15693.0,75270.0,4901.0
2011-05-16,50.25,-4.21667,50.0,440.0,16.0,994.0,91.0,505.0,11.0,123.0,23.0,32000.0,4000.0,0,0,5000,2000,496.0,23.0,242327.0,7785.0,99320.0,3811.0
2011-05-24,50.25,-4.21667,0.2,1555.0,43.0,42823.0,284.0,2727.0,56.0,641.0,7.0,266000.0,24000.0,0,0,0,0,4397.0,279.0,241651.0,28709.0,170597.0,22019.0
2011-05-24,50.25,-4.21667,10.0,1705.0,122.0,43110.0,267.0,2607.0,34.0,618.0,41.0,330000.0,17000.0,0,0,0,0,4129.0,51.0,210052.0,31695.0,149980.0,14706.0
2011-05-24,50.25,-4.21667,25.0,1421.0,125.0,37162.0,678.0,2039.0,21.0,665.0,110.0,134000.0,27000.0,0,0,0,0,3759.0,171.0,247516.0,3179.0,166520.0,4045.0
2011-05-24,50.25,-4.21667,50.0,236.0,9.0,3544.0,18.0,425.0,45.0,283.0,21.0,19000.0,2000.0,0,0,0,0,2489.0,49.0,169511.0,10210.0,78760.0,5280.0
2011-06-01,50.25,-4.21667,0.2,1938.0,147.0,12165.0,62.0,2229.0,36.0,665.0,44.0,56000.0,13000.0,1075000,137000,0,0,2808.0,134.0,435038.0,4452.0,208935.0,7262.0
2011-06-01,50.25,-4.21667,10.0,1670.0,110.0,12020.0,272.0,2223.0,42.0,574.0,60.0,59000.0,27000.0,1013000,81000,0,0,2723.0,63.0,363068.0,5790.0,183945.0,4985.0
2011-06-01,50.25,-4.21667,25.0,347.0,17.0,3069.0,171.0,1007.0,39.0,341.0,11.0,87000.0,14000.0,1094000,174000,0,0,1916.0,104.0,352248.0,9512.0,173985.0,9100.0
2011-06-01,50.25,-4.21667,50.0,220.0,28.0,1890.0,144.0,819.0,78.0,187.0,29.0,23000.0,9000.0,446000,62000,0,0,1716.0,56.0,188130.0,6551.0,81460.0,3762.0
2011-06-06,50.25,-4.21667,0.2,630.0,43.0,4544.0,113.0,1429.0,28.0,79.0,2.0,66000.0,10000.0,0,0,0,0,1136.0,12.0,129950.0,668.0,68415.0,1520.0
2011-06-06,50.25,-4.21667,10.0,735.0,67.0,4657.0,169.0,1387.0,104.0,43.0,6.0,61000.0,13000.0,0,0,0,0,1200.0,27.0,115292.0,351.0,59705.0,2143.0
2011-06-06,50.25,-4.21667,25.0,322.0,37.0,1840.0,28.0,778.0,174.0,147.0,24.0,51000.0,8000.0,232000,43000,0,0,1341.0,5.0,237145.0,21770.0,126087.0,16409.0
2011-06-06,50.25,-4.21667,50.0,377.0,66.0,1866.0,82.0,817.0,52.0,143.0,22.0,43000.0,14000.0,286000,53000,0,0,1244.0,29.0,278223.0,9877.0,140610.0,4273.0
2011-06-14,50.25,-4.21667,0.2,1188.0,37.0,12558.0,144.0,1145.0,127.0,85.0,17.0,82000.0,19000.0,0,0,0,0,1549.0,47.0,545802.0,50137.0,98205.0,2751.0
2011-06-14,50.25,-4.21667,10.0,821.0,71.0,4162.0,292.0,1205.0,117.0,67.0,9.0,95000.0,23000.0,0,0,0,0,1121.0,185.0,380750.0,255.0,75075.0,205.0
2011-06-14,50.25,-4.21667,25.0,643.0,33.0,1794.0,40.0,697.0,97.0,52.0,7.0,118000.0,14000.0,703000,90000,0,0,1861.0,105.0,210449.0,4903.0,73965.0,1577.0
2011-06-14,50.25,-4.21667,50.0,501.0,33.0,1331.0,36.0,457.0,55.0,38.0,11.0,75000.0,8000.0,660000,75000,0,0,1931.0,95.0,185332.0,16668.0,77155.0,8634.0
2011-06-20,50.25,-4.21667,0.2,3284.0,67.0,13229.0,334.0,1572.0,40.0,85.0,13.0,223000.0,32000.0,0,0,0,0,2334.0,1.0,607505.0,3483.0,119700.0,2828.0
2011-06-20,50.25,-4.21667,10.0,6945.0,65.0,14682.0,193.0,1997.0,92.0,118.0,23.0,257000.0,22000.0,0,0,0,0,1540.0,105.0,471325.0,64877.0,98430.0,15405.0
2011-06-20,50.25,-4.21667,25.0,3264.0,60.0,5493.0,162.0,958.0,16.0,104.0,14.0,69000.0,21000.0,0,0,0,0,2179.0,55.0,441756.0,18639.0,102710.0,5827.0
2011-06-20,50.25,-4.21667,50.0,1808.0,88.0,1818.0,31.0,461.0,46.0,76.0,10.0,34000.0,0.0,0,0,0,0,1490.0,28.0,281252.0,8360.0,89657.0,4462.0
2011-06-27,50.25,-4.21667,0.2,5254.0,364.0,9937.0,218.0,1766.0,169.0,70.0,14.0,177000.0,9000.0,0,0,0,0,1800.0,226.0,517496.0,5159.0,98760.0,990.0
2011-06-27,50.25,-4.21667,10.0,3378.0,118.0,12127.0,245.0,1823.0,14.0,101.0,22.0,119000.0,22000.0,0,0,0,0,1190.0,65.0,295115.0,27699.0,61573.0,4918.0
2011-06-27,50.25,-4.21667,25.0,3703.0,102.0,4188.0,138.0,704.0,534.0,57.0,11.0,175000.0,9000.0,0,0,0,0,1096.0,40.0,427417.0,25109.0,104023.0,7438.0
2011-06-27,50.25,-4.21667,50.0,1809.0,57.0,761.0,106.0,322.0,57.0,42.0,11.0,45000.0,4000.0,0,0,0,0,1072.0,82.0,219891.0,22719.0,88037.0,12366.0
2011-07-04,50.25,-4.21667,0.2,36660.0,307.0,8187.0,155.0,2559.0,46.0,78.0,27.0,69000.0,6000.0,0,0,0,0,2034.0,376.0,1285819.0,21967.0,293980.0,1739.0
2011-07-04,50.25,-4.21667,10.0,51211.0,403.0,10524.0,155.0,2353.0,28.0,111.0,21.0,142000.0,49000.0,0,0,0,0,1769.0,127.0,882266.0,14762.0,200445.0,7502.0
2011-07-04,50.25,-4.21667,25.0,4710.0,229.0,1845.0,80.0,491.0,48.0,27.0,1.0,69000.0,25000.0,0,0,0,0,1906.0,56.0,421707.0,25051.0,100460.0,5758.0
2011-07-04,50.25,-4.21667,50.0,3517.0,134.0,1767.0,85.0,501.0,71.0,31.0,7.0,53000.0,21000.0,0,0,0,0,1973.0,69.0,355225.0,5291.0,86230.0,2673.0
2011-07-11,50.25,-4.21667,0.2,17275.0,454.0,10883.0,73.0,1120.0,77.0,33.0,11.0,49000.0,9000.0,0,0,0,0,1011.0,74.0,748848.0,7733.0,208800.0,2793.0
2011-07-11,50.25,-4.21667,10.0,16167.0,328.0,10305.0,278.0,1232.0,65.0,55.0,15.0,49000.0,3000.0,0,0,0,0,829.0,13.0,714913.0,3519.0,196850.0,130.0
2011-07-11,50.25,-4.21667,25.0,5443.0,375.0,557.0,52.0,210.0,27.0,30.0,8.0,16000.0,4000.0,0,0,0,0,1098.0,29.0,420384.0,3942.0,134237.0,1548.0
2011-07-11,50.25,-4.21667,50.0,3960.0,79.0,487.0,61.0,197.0,6.0,22.0,11.0,17000.0,10000.0,0,0,0,0,1174.0,61.0,392583.0,1417.0,129090.0,352.0
2011-07-19,50.25,-4.21667,0.2,3793.0,101.0,3874.0,759.0,945.0,155.0,84.0,16.0,83000.0,35000.0,0,0,0,0,821.0,39.0,245543.0,11975.0,111675.0,10105.0
2011-07-19,50.25,-4.21667,10.0,3104.0,11.0,3569.0,181.0,989.0,39.0,128.0,16.0,9000.0,6000.0,0,0,0,0,683.0,30.0,208269.0,5296.0,112703.0,2595.0
2011-07-19,50.25,-4.21667,25.0,1799.0,24.0,260.0,22.0,187.0,30.0,41.0,8.0,1000.0,1000.0,0,0,0,0,1006.0,45.0,181631.0,10303.0,84330.0,6642.0
2011-07-19,50.25,-4.21667,50.0,1881.0,157.0,193.0,40.0,155.0,31.0,26.0,7.0,3000.0,1000.0,0,0,0,0,655.0,110.0,191303.0,14214.0,87117.0,5631.0
2011-08-01,50.25,-4.21667,0.2,26359.0,500.0,657.0,72.0,607.0,90.0,93.0,25.0,78000.0,11000.0,0,0,0,0,398.0,45.0,404768.0,3784.0,224100.0,17664.0
2011-08-01,50.25,-4.21667,10.0,27544.0,772.0,603.0,77.0,590.0,70.0,59.0,13.0,65000.0,26000.0,0,0,0,0,176.0,51.0,468109.0,16989.0,241540.0,10705.0
2011-08-01,50.25,-4.21667,25.0,1871.0,87.0,507.0,52.0,176.0,34.0,26.0,10.0,40000.0,2000.0,0,0,0,0,477.0,91.0,306712.0,11098.0,93187.0,12219.0
2011-08-01,50.25,-4.21667,50.0,2199.0,170.0,615.0,11.0,146.0,4.0,31.0,2.0,24000.0,4000.0,0,0,0,0,476.0,1.0,321147.0,8886.0,91027.0,9577.0
2011-08-15,50.25,-4.21667,0.2,84395.0,829.0,9549.0,78.0,1489.0,44.0,85.0,4.0,157000.0,32000.0,0,0,0,0,1128.0,23.0,389621.0,9826.0,467750.0,9538.0
2011-08-15,50.25,-4.21667,10.0,79428.0,1188.0,8973.0,93.0,1410.0,16.0,79.0,19.0,175000.0,6000.0,0,0,0,0,964.0,24.0,400732.0,1435.0,470007.0,1684.0
2011-08-22,50.25,-4.21667,0.2,69399.0,1505.0,3399.0,204.0,2360.0,105.0,103.0,8.0,306000.0,8000.0,0,0,0,0,1301.0,22.0,324435.0,1059.0,332667.0,2105.0
2011-08-22,50.25,-4.21667,10.0,56018.0,605.0,9527.0,189.0,2174.0,85.0,143.0,25.0,619000.0,30000.0,0,0,0,0,2280.0,46.0,286249.0,6168.0,235047.0,230.0
2011-08-30,50.25,-4.21667,0.2,64403.0,1167.0,21723.0,676.0,1069.0,38.0,36.0,21.0,409000.0,26000.0,0,0,0,0,527.0,32.0,857187.0,7012.0,516447.0,3522.0
2011-08-30,50.25,-4.21667,10.0,63027.0,863.0,20749.0,412.0,941.0,92.0,25.0,4.0,337000.0,32000.0,0,0,0,0,514.0,7.0,836773.0,3752.0,522493.0,2294.0
2011-09-03,50.25,-4.21667,0.2,111200.0,1210.0,25032.0,336.0,11573.0,139.0,265.0,43.0,2160000.0,104000.0,0,0,0,0,3053.0,63.0,619080.0,3003.0,556287.0,3758.0
2011-09-03,50.25,-4.21667,10.0,45127.0,915.0,9339.0,223.0,2727.0,103.0,161.0,8.0,549000.0,4000.0,0,0,0,0,2458.0,39.0,368580.0,2541.0,394527.0,3259.0
2011-09-03,50.25,-4.21667,25.0,28133.0,289.0,5338.0,156.0,1295.0,80.0,143.0,20.0,247000.0,8000.0,0,0,0,0,2105.0,82.0,338147.0,1985.0,343680.0,2294.0
2011-09-03,50.25,-4.21667,50.0,27267.0,516.0,5322.0,85.0,1162.0,26.0,121.0,19.0,240000.0,18000.0,0,0,0,0,1957.0,30.0,343197.0,2453.0,338253.0,3787.0
2011-09-15,50.25,-4.21667,0.2,43063.0,408.0,14627.0,528.0,3103.0,118.0,257.0,14.0,964000.0,19000.0,0,0,0,0,931.0,44.0,381277.0,3898.0,326433.0,3306.0
2011-09-15,50.25,-4.21667,10.0,43137.0,648.0,14834.0,243.0,2822.0,40.0,223.0,18.0,885000.0,37000.0,0,0,0,0,1504.0,6.0,394470.0,6021.0,329647.0,6796.0
2011-09-19,50.25,-4.21667,0.2,30211.0,346.0,12643.0,261.0,2029.0,19.0,361.0,23.0,610000.0,14000.0,0,0,0,0,1312.0,100.0,340335.0,8917.0,420287.0,8306.0
2011-09-19,50.25,-4.21667,10.0,29947.0,296.0,12701.0,182.0,2114.0,85.0,622.0,54.0,702000.0,74000.0,0,0,0,0,1423.0,28.0,336235.0,60764.0,439640.0,22831.0
2011-09-26,50.25,-4.21667,0.2,85172.0,861.0,12019.0,136.0,2851.0,103.0,213.0,17.0,1209000.0,35000.0,0,0,0,0,2711.0,87.0,622151.0,12010.0,567253.0,13316.0
2011-09-26,50.25,-4.21667,10.0,85542.0,811.0,12176.0,289.0,2662.0,251.0,229.0,18.0,1206000.0,60000.0,0,0,0,0,2739.0,55.0,493155.0,9674.0,619087.0,5244.0
2011-10-12,50.25,-4.21667,0.2,44625.0,770.0,18101.0,430.0,1263.0,44.0,157.0,6.0,827000.0,48000.0,0,0,0,0,1390.0,48.0,404189.0,7865.0,434673.0,4532.0
2011-10-12,50.25,-4.21667,10.0,40929.0,632.0,16215.0,82.0,1053.0,17.0,125.0,19.0,595000.0,43000.0,0,0,0,0,1164.0,19.0,377791.0,3832.0,423070.0,4224.0
2011-10-12,50.25,-4.21667,25.0,15262.0,248.0,5479.0,123.0,376.0,34.0,89.0,26.0,167000.0,26000.0,0,0,0,0,1150.0,26.0,276468.0,3393.0,312643.0,4860.0
2011-10-12,50.25,-4.21667,50.0,8869.0,50.0,2890.0,159.0,225.0,19.0,49.0,18.0,113000.0,14000.0,0,0,0,0,1013.0,2.0,238518.0,6077.0,277743.0,3772.0
2011-10-17,50.25,-4.21667,0.2,28818.0,394.0,14271.0,360.0,964.0,61.0,53.0,1.0,717000.0,39000.0,0,0,0,0,1176.0,11.0,296005.0,714.0,351647.0,1836.0
2011-10-17,50.25,-4.21667,10.0,29099.0,407.0,14596.0,331.0,1106.0,87.0,50.0,16.0,686000.0,6000.0,0,0,0,0,1123.0,0.0,280337.0,3018.0,344537.0,2870.0
2011-10-17,50.25,-4.21667,25.0,21923.0,371.0,9453.0,243.0,631.0,45.0,31.0,9.0,407000.0,31000.0,0,0,0,0,1067.0,30.0,266924.0,2537.0,336517.0,4038.0
2011-10-17,50.25,-4.21667,50.0,11085.0,145.0,3678.0,134.0,152.0,17.0,26.0,10.0,137000.0,8000.0,0,0,0,0,997.0,48.0,216231.0,2274.0,284303.0,3770.0
2011-10-25,50.25,-4.21667,0.2,20979.0,572.0,6967.0,216.0,492.0,16.0,67.0,15.0,342000.0,24000.0,0,0,0,0,1436.0,63.0,423928.0,2466.0,308433.0,1023.0
2011-10-25,50.25,-4.21667,10.0,20421.0,228.0,6502.0,205.0,471.0,20.0,54.0,5.0,341000.0,77000.0,0,0,0,0,866.0,5.0,418729.0,7381.0,315847.0,457.0
2011-11-01,50.25,-4.21667,0.2,17065.0,121.0,7947.0,229.0,759.0,67.0,108.0,28.0,997000.0,87000.0,0,0,0,0,1151.0,11.0,272035.0,5866.0,322500.0,2852.0
2011-11-01,50.25,-4.21667,10.0,16581.0,345.0,7681.0,293.0,757.0,57.0,115.0,23.0,1007000.0,22000.0,0,0,0,0,1236.0,21.0,262386.0,3701.0,307807.0,8307.0
2011-11-01,50.25,-4.21667,25.0,14397.0,245.0,7872.0,333.0,713.0,27.0,61.0,5.0,726000.0,77000.0,0,0,0,0,1712.0,23.0,229919.0,1557.0,293117.0,541.0
2011-11-01,50.25,-4.21667,50.0,9213.0,271.0,4287.0,154.0,420.0,10.0,49.0,5.0,443000.0,36000.0,0,0,0,0,1442.0,3.0,195067.0,7066.0,241303.0,17133.0
2011-11-08,50.25,-4.21667,0.2,8901.0,265.0,4189.0,211.0,392.0,21.0,48.0,2.0,453000.0,27000.0,0,0,0,0,726.0,94.0,275463.0,32872.0,301670.0,7376.0
2011-11-08,50.25,-4.21667,10.0,10856.0,176.0,5143.0,185.0,397.0,57.0,63.0,7.0,499000.0,25000.0,0,0,0,0,781.0,34.0,259171.0,1597.0,283580.0,3878.0
2011-11-08,50.25,-4.21667,25.0,11021.0,385.0,5260.0,240.0,407.0,41.0,49.0,9.0,522000.0,35000.0,0,0,0,0,719.0,65.0,245553.0,5748.0,290557.0,905.0
2011-11-08,50.25,-4.21667,50.0,11379.0,341.0,5584.0,28.0,425.0,31.0,40.0,5.0,599000.0,34000.0,0,0,0,0,755.0,70.0,247505.0,5098.0,297220.0,5390.0
2011-11-16,50.25,-4.21667,0.2,10147.0,288.0,6273.0,74.0,504.0,37.0,42.0,9.0,568000.0,39000.0,0,0,0,0,782.0,43.0,219476.0,7969.0,240387.0,14270.0
2011-11-16,50.25,-4.21667,10.0,9577.0,136.0,5963.0,116.0,535.0,46.0,38.0,8.0,588000.0,16000.0,0,0,0,0,814.0,26.0,230170.0,1611.0,244803.0,3572.0
2011-11-16,50.25,-4.21667,25.0,9287.0,66.0,5775.0,251.0,435.0,22.0,29.0,8.0,527000.0,37000.0,0,0,0,0,872.0,122.0,228123.0,2763.0,244607.0,1462.0
2011-11-16,50.25,-4.21667,50.0,9057.0,157.0,5675.0,100.0,457.0,17.0,11.0,6.0,483000.0,27000.0,0,0,0,0,751.0,55.0,213663.0,899.0,234243.0,1717.0
2011-11-21,50.25,-4.21667,0.2,9503.0,187.0,6734.0,26.0,687.0,44.0,75.0,18.0,499000.0,18000.0,0,0,0,0,1206.0,67.0,249780.0,4971.0,251410.0,3298.0
2011-11-21,50.25,-4.21667,10.0,9107.0,246.0,6459.0,252.0,657.0,39.0,55.0,11.0,449000.0,5000.0,0,0,0,0,1141.0,18.0,258690.0,5021.0,251333.0,2198.0
2011-11-21,50.25,-4.21667,25.0,9076.0,170.0,6639.0,108.0,597.0,31.0,55.0,4.0,387000.0,21000.0,0,0,0,0,1006.0,34.0,249134.0,1945.0,250310.0,2608.0
2011-11-21,50.25,-4.21667,50.0,8973.0,226.0,6539.0,113.0,607.0,44.0,49.0,4.0,409000.0,1000.0,0,0,0,0,1138.0,35.0,253141.0,3687.0,249973.0,1544.0
2011-12-19,50.25,-4.21667,0.2,6535.0,67.0,4641.0,153.0,297.0,27.0,122.0,10.0,231000.0,41000.0,0,0,0,0,1446.0,26.0,209602.0,3888.0,244603.0,2651.0
2011-12-19,50.25,-4.21667,10.0,6371.0,762.0,4064.0,389.0,316.0,29.0,117.0,17.0,170000.0,35000.0,0,0,0,0,1236.0,7.0,174472.0,5894.0,248453.0,8286.0
2011-12-19,50.25,-4.21667,25.0,6893.0,86.0,4400.0,68.0,317.0,25.0,103.0,12.0,184000.0,18000.0,0,0,0,0,1106.0,67.0,219447.0,3366.0,215050.0,23912.0
2011-12-19,50.25,-4.21667,50.0,6881.0,38.0,4382.0,38.0,327.0,23.0,99.0,11.0,193000.0,6000.0,0,0,0,0,1101.0,87.0,220889.0,2375.0,222167.0,2523.0
